,index,IS_Targets,IS_Targets_fine_names,CAS,SMILES,DBrMe_10_pg/ul_10ul,DBrMe_20_pg/ul_10ul,DBrMe_100_pg/ul_10ul,DBrMe_1_ng/ul_1ul,"DBrMe_2,5_ng/ul_1ul",H2O_10_pg/ul__10ul,H2O_20_pg/ul_10ul,H2O_100_pg/ul_10ul,H2O_1_ng/ul_1ul,"H2O_2,5_ng/ul_1ul",O2_10_pg/ul_10ul,O2_20_pg/ul_10ul,O2_100_pg/ul_10ul,O2_1_ng/ul_1ul,"O2_2,5_ng/ul_1ul",Acetone_10_pg/ul_10ul,Acetone_20_pg/ul_10ul,Acetone_100_pg/ul_10ul,Acetone_1_ng/ul_1ul,"Acetone_2,5_ng/ul_1ul",compound
0,1,1-Naphthylacetamide,1-Naphthylacetamide,86-86-2,NC(=O)Cc1cccc2ccccc12,0,0,0.0,0,0.0,2840,6710,33200,24600.0,14300,0,0,0,0,0,0,16500,36000,43300,18500.0,0
1,2,"2,4,5-T-Methylester","2,4,5-T-Methylester",1928-37-6,COC(=O)COC1=CC(=C(C=C1Cl)Cl)Cl,0,0,2050.0,5300,83300.0,0,0,0,0.0,0,0,0,0,4770,33600,0,0,0,0,0.0,1
2,3,"2,4-DB","2,4-DB",94-82-6,OC(=O)CCCOc1ccc(Cl)cc1Cl,0,600,5770.0,17300,81800.0,0,0,0,0.0,0,0,0,0,10100,35000,0,0,0,264,0.0,2
3,4,"2,4-D-Methylester","2,4-D-Methylester",1928-38-7,COC(=O)COC1=C(C=C(C=C1)Cl)Cl,0,0,0.0,0,133.0,0,0,0,0.0,0,0,0,0,0,0,0,0,3040,0,0.0,3
4,5,"3,4,5-Trimethacarb","3,4,5-Trimethacarb",2686-99-9,CNC(=O)Oc1cc(C)c(C)c(C)c1,0,0,0.0,0,0.0,0,8650,43900,42600.0,66300,0,0,0,0,0,0,29400,51900,89600,89200.0,4
5,6,3-Decen-2-on,3-Decen-2-one,18402-84-1,CCCCCCC=CC(C)=O,0,0,0.0,0,0.0,0,0,0,0.0,0,0,0,0,0,0,2940,4690,55600,31400,20900.0,5
6,7,4-Bromophenylurea,4-Bromophenylurea,1967-25-5,NC(=O)Nc1ccc(Br)cc1,0,0,0.0,0,0.0,0,0,0,0.0,0,0,0,0,0,0,0,0,0,0,0.0,6
7,8,4-Chloro-3-methylphenol,4-Chloro-3-methylphenol,59-50-7,Cc1cc(O)ccc1Cl,0,0,1490.0,1670,6350.0,0,0,0,0.0,0,1230,0,0,51700,110000,0,0,0,0,0.0,7
8,9,4-CPA,4-CPA,122-88-3,OC(=O)COc1ccc(Cl)cc1,0,0,0.0,467,26300.0,0,0,0,0.0,0,0,0,0,2710,31300,0,0,0,0,0.0,8
9,10,Acetochlor,Acetochlor,34256-82-1,CCOCN(C(=O)CCl)c1c(C)cccc1CC,0,0,0.0,0,0.0,0,0,2420,0.0,3550,0,0,0,0,0,873,2060,0,5530,6300.0,9
10,11,Acibenzolar-Säure,Acibenzolar acid,35272-27-6,C1=CC(=C2C(=C1)N=NS2)C(=O)S,0,0,0.0,0,0.0,0,0,0,0.0,0,0,0,0,0,0,0,0,0,0,0.0,10
11,12,Aldoxycarb,Aldoxycarb,1646-88-4,CNC(=O)O\N=C\C(C)(C)[S](C)(=O)=O,4570,22900,133000.0,108000,399000.0,0,1860,16900,15800.0,15500,0,0,2870,6200,8290,2360,11700,29000,41600,14400.0,11
12,13,Amidithion,Amidithion,919-76-6,COCCNC(=O)CS[P](=S)(OC)OC,0,1280,6190.0,5170,12100.0,737,3210,37900,27100.0,36100,0,1610,17700,38800,49000,2660,13200,33200,53300,18000.0,12
13,14,Amidosulfuron,Amidosulfuron,120923-37-7,COc1cc(OC)nc(NC(=O)N[S](=O)(=O)N(C)[S](C)(=O)=O)n1,0,0,0.0,0,3210.0,0,0,0,96.8,11000,0,0,0,0,5390,0,0,0,0,1830.0,13
14,15,Aminocarb,Aminocarb,2032-59-9,CNC(=O)Oc1ccc(N(C)C)c(C)c1,0,0,0.0,0,0.0,1520,5730,53500,39500.0,136000,0,0,0,0,0,4330,16500,40700,77700,65800.0,14
15,16,Ancymidol,Ancymidol,12771-68-5,COc1ccc(cc1)C(O)(C2CC2)c3cncnc3,0,0,0.0,0,0.0,1270,3670,33300,22000.0,19900,0,0,0,0,209,3430,11200,34700,39300,22300.0,15
16,17,Anilazin,Anilazin,101-05-3,Clc1nc(Cl)nc(Nc2ccccc2Cl)n1,0,0,0.0,0,0.0,0,0,0,1170.0,0,0,0,0,38400,96900,0,0,0,3620,1560.0,16
17,18,Azaconazol,Azaconazol,60207-31-0,C1COC(O1)(CN2C=NC=N2)C3=C(C=C(C=C3)Cl)Cl,0,0,0.0,0,0.0,724,1890,17300,9350.0,8270,0,0,0,0,0,2590,8290,26700,28900,24500.0,17
18,19,Azamethiphos,Azamethiphos,35575-96-3,CO[P](=O)(OC)SCN1C(=O)Oc2cc(Cl)cnc12,0,0,0.0,0,0.0,0,1090,11000,13200.0,32000,0,0,0,0,0,0,3400,7690,19100,22200.0,18
19,20,Azinphos-Ethyl,Azinphos ethyl,2642-71-9,CCO[P](=S)(OCC)SCN1N=Nc2ccccc2C1=O,0,0,0.0,0,0.0,0,1330,7890,5930.0,9060,0,0,0,0,0,1610,6080,11800,17800,8770.0,19
20,21,Aziprotryn,Aziprotryne,4658-28-0,CSc1nc(NC(C)C)nc(N=[N+]=[N-])n1,0,0,0.0,0,0.0,2090,9480,72100,60200.0,158000,0,0,493,979,1570,6070,30700,55100,111000,122000.0,20
21,22,Barban,Barban,101-27-9,ClCC#CCOC(=O)Nc1cccc(Cl)c1,0,0,628.0,702,1860.0,0,0,825,568.0,799,0,0,0,0,0,0,195,0,3710,1110.0,21
22,23,Benfluralin,Benfluralin,1861-40-1,CCCCN(CC)c1c(cc(cc1[N+]([O-])=O)C(F)(F)F)[N+]([O-])=O,0,0,0.0,0,0.0,0,565,6950,0.0,14500,0,0,0,0,0,3340,4130,52800,0,0.0,22
23,24,Benfuracarb,Benfuracarb,82560-54-1,CCOC(=O)CCN(SN(C)C(=O)Oc1cccc2CC(C)(C)Oc12)C(C)C,0,0,0.0,0,0.0,0,0,0,0.0,0,0,0,0,0,0,0,0,0,0,186.0,23
24,25,Benodanil,Benodanil,15310-01-7,Ic1ccccc1C(=O)Nc2ccccc2,0,825,3680.0,2830,3580.0,1930,4580,32300,21300.0,24100,1190,2420,17900,21800,22300,8420,25000,40200,44800,19900.0,24
25,26,Benomyl,Benomyl,17804-35-2,CCCCNC(=O)n1c(NC(=O)OC)nc2ccccc12,0,0,0.0,0,0.0,0,0,0,0.0,0,0,0,0,0,0,0,0,0,0,0.0,25
26,27,Bensulfuron-Methyl,Bensulfuron-Methyl,83055-99-6,COC(=O)c1ccccc1C[S](=O)(=O)NC(=O)Nc2nc(OC)cc(OC)n2,0,0,436.0,458,5890.0,0,0,0,375.0,18700,0,0,0,1120,13800,0,0,0,0,3930.0,26
27,28,Bentazon-6-OH,6-Hydroxy Bentazon,60374-42-7,CC(C)N1C(=O)C2=C(C=CC(=C2)O)NS1(=O)=O,0,0,0.0,0,0.0,0,0,0,0.0,0,0,0,0,0,0,0,0,0,0,0.0,27
28,29,Bentazon-8-OH,Bentazone-8-hydroxy,60374-43-8,CC(C)N1C(O)c2cccc(O)c2NS1(=O)=O,0,0,0.0,0,0.0,0,0,0,0.0,0,0,0,0,0,0,0,0,0,0,0.0,28
29,30,Benzoylprop-Ethyl,Benzoylprop-Ethyl,"
22212-55-1",CCOC(=O)C(C)N(C(=O)c1ccccc1)c2ccc(Cl)c(Cl)c2,0,0,0.0,0,0.0,277,1260,5690,5360.0,2540,0,0,0,0,0,1960,5520,11300,9620,3850.0,29
30,31,Benzyladenin,Benzyladenin,1214-39-7,Nc1nc(Cc2ccccc2)nc3nc[nH]c13,0,0,0.0,4040,52300.0,0,0,9620,10300.0,153000,0,0,2520,20800,94700,0,0,1910,15600,92300.0,30
31,32,Bifenox,Bifenox,42576-02-3,COC(=O)c1cc(Oc2ccc(Cl)cc2Cl)ccc1[N+]([O-])=O,0,0,0.0,0,0.0,0,0,581,507.0,0,0,0,0,0,0,0,935,0,1430,598.0,31
32,33,Binapacryl,Binapacryl,485-31-4,CCC(C)c1cc(cc(c1OC(=O)C=C(C)C)[N+]([O-])=O)[N+]([O-])=O,0,0,0.0,0,0.0,0,0,0,0.0,0,0,0,0,0,0,0,0,0,0,0.0,32
33,34,Bispyribac,Bispyribac,125401-75-4,COC1=CC(=NC(=N1)OC2=C(C(=CC=C2)OC3=NC(=CC(=N3)OC)OC)C(=O)O)OC,0,0,0.0,0,0.0,0,0,0,0.0,0,0,0,0,0,0,0,0,0,0,0.0,33
34,35,Bromacil,Bromacil,314-40-9,CCC(C)N1C(=O)NC(=C(Br)C1=O)C,1320,2640,14200.0,10400,33100.0,396,1410,6170,5460.0,1370,3410,8280,63000,87700,165000,1690,9360,2050,18900,8590.0,34
35,36,Bromfenvinphos,Bromfenvinphos,"
33399-00-7",CCO[P](=O)(OCC)O\C(=C\Br)c1ccc(Cl)cc1Cl,0,0,0.0,0,0.0,0,0,685,560.0,0,0,0,0,0,0,0,668,1210,483,180.0,35
36,37,Bromocyclen,Bromocyclen,1715-40-8,C1C(C2(C(=C(C1(C2(Cl)Cl)Cl)Cl)Cl)Cl)CBr,0,0,0.0,0,0.0,0,0,0,0.0,0,0,0,0,0,0,0,0,0,0,0.0,36
37,38,Bromophos-Methyl,Bromophos,2104-96-3,CO[P](=S)(OC)Oc1cc(Cl)c(Br)cc1Cl,0,0,0.0,0,0.0,0,0,0,0.0,0,0,0,0,0,0,0,0,0,0,0.0,37
38,39,Bromuconazol,Bromuconazol,116255-48-2,Clc1ccc(c(Cl)c1)C2(CC(Br)CO2)Cn3cncn3,0,560,1540.0,1260,1510.0,0,614,3600,2000.0,2800,0,0,0,0,0,0,2250,6570,6730,3180.0,38
39,40,Butachlor,Butachlor,23184-66-9,CCCCOCN(C(=O)CCl)c1c(CC)cccc1CC,0,0,0.0,0,0.0,0,410,2630,1650.0,1080,0,0,0,0,0,667,2540,4770,3610,1390.0,39
40,41,Butafenacil,Butafenacil,134605-64-4,CN1C(=O)N(C(=O)C=C1C(F)(F)F)c2ccc(Cl)c(c2)C(=O)OC(C)(C)C(=O)OCC=C,2300,5670,27600.0,29000,65400.0,0,0,590,855.0,1370,0,0,0,0,0,0,708,0,6770,3760.0,40
41,42,Butoxycarboxim,Butoxycarboxim,34681-23-7,CNC(=O)O\N=C(/C)C(C)[S](C)(=O)=O,4570,22900,133000.0,108000,399000.0,0,1860,16900,15800.0,15500,0,0,2870,6200,8290,2360,11700,29000,41600,14400.0,41
42,43,Butralin,Butralin,33629-47-9,CCC(C)Nc1c(cc(cc1[N+]([O-])=O)C(C)(C)C)[N+]([O-])=O,0,0,0.0,0,0.0,1960,3850,29500,21400.0,37200,0,0,0,0,0,0,24500,27500,53800,43000.0,42
43,44,Cadusafos,Cadusafos,95465-99-9,CCO[P](=O)(SC(C)CC)SC(C)CC,0,0,1720.0,2170,5280.0,1510,6520,31700,56600.0,102000,0,0,4130,9890,9240,0,13800,0,0,115000.0,43
44,45,Captafol,Captafol,"
2425-06-1",ClC(Cl)C(Cl)(Cl)SN1C(=O)C2CC=CCC2C1=O,0,0,565.0,706,187.0,0,0,0,0.0,0,0,0,0,0,0,0,0,0,0,0.0,44
45,46,Captan,Captan,133-06-2,ClC(Cl)(Cl)SN1C(=O)C2CC=CCC2C1=O,0,0,0.0,0,0.0,0,0,0,0.0,0,0,0,0,0,0,0,0,0,0,0.0,45
46,47,Carbetamid,Carbetamid,16118-45-9,CCNC(=O)C(C)OC(=O)NC1=CC=CC=C1,4570,19400,117000.0,90900,589000.0,448,2350,23000,18900.0,22900,698,1980,20000,36100,66300,1990,8790,24900,40300,25400.0,46
47,48,Carbophenothion,Carbophenothion,786-19-6,CCO[P](=S)(OCC)SCSc1ccc(Cl)cc1,0,0,0.0,0,0.0,0,403,1310,1370.0,0,0,0,0,0,0,0,557,0,4520,259.0,47
48,49,Carbophenothion-Methyl,Methyl trithion,953-17-3,CO[P](=S)(OC)SCSc1ccc(Cl)cc1,0,0,0.0,0,0.0,0,0,0,0.0,0,0,0,0,0,0,0,0,0,0,0.0,48
49,50,Carbosulfan,Carbosulfan,"
55285-14-8",CCCCN(CCCC)SN(C)C(=O)Oc1cccc2CC(C)(C)Oc12,0,0,0.0,0,0.0,0,0,0,0.0,0,0,0,0,0,0,0,0,0,0,0.0,49
50,51,Carfentrazon-Ethyl,Carfentrazone-ethyl,128639-02-1,CCOC(=O)C(Cl)Cc1cc(N2N=C(C)N(C(F)F)C2=O)c(F)cc1Cl,0,0,0.0,0,0.0,0,929,2270,2480.0,836,0,0,0,0,0,280,4590,3740,6320,377.0,50
51,52,Chinomethionat,Chinomethionate,02/01/2439,Cc1ccc2nc3SC(=O)Sc3nc2c1,0,0,0.0,0,0.0,534,2170,7240,0.0,0,0,0,0,0,0,1990,0,6450,25900,11900.0,51
52,53,Chlorbensid,Chlorbensid,103-17-3,Clc1ccc(CSc2ccc(Cl)cc2)cc1,0,0,0.0,0,0.0,0,0,0,0.0,0,0,0,0,0,0,0,0,0,0,0.0,52
53,54,Chlorbenzilat,Chlorbenzilat,510-15-6,CCOC(=O)C(O)(c1ccc(Cl)cc1)c2ccc(Cl)cc2,0,0,0.0,0,0.0,0,0,0,0.0,0,0,0,0,0,0,0,0,0,0,0.0,53
54,55,Chlorbromuron,Chlorbromuron,13360-45-7,CON(C)C(=O)Nc1ccc(Br)c(Cl)c1,0,456,1800.0,1050,1700.0,569,1370,6310,3350.0,0,929,2640,20800,24000,28300,1190,7470,6250,13000,1450.0,54
55,56,Chlorbufam,Chlorbufam,1967-16-4,CC(OC(=O)Nc1cccc(Cl)c1)C#C,0,0,0.0,0,410.0,0,0,1300,948.0,0,0,0,1630,2390,4460,0,0,743,2180,724.0,55
56,57,Chlordecon (Artefakt + Ursubstanz),Chlordecone,143-50-0,ClC1(Cl)C2(Cl)C3(Cl)C4(Cl)C(=O)C5(Cl)C3(Cl)C1(Cl)C5(Cl)C24Cl,0,0,0.0,0,0.0,0,0,0,0.0,0,0,0,0,0,0,0,0,0,0,0.0,56
57,58,Chlorfenprop-Methyl,Chlorfenprop-Methyl,14437-17-3,COC(=O)C(Cl)Cc1ccc(Cl)cc1,0,0,0.0,0,0.0,0,0,0,0.0,0,0,0,0,0,0,0,0,97,0,0.0,57
58,59,Chlorfenson,Chlorfenson,80-33-1,Clc1ccc(O[S](=O)(=O)c2ccc(Cl)cc2)cc1,0,0,0.0,0,0.0,0,0,0,0.0,0,0,0,0,0,0,0,0,0,219,0.0,58
59,60,Chlorfluazuron,Chlorfluazuron,71422-67-8,Fc1cccc(F)c1C(=O)NC(=O)Nc2cc(Cl)c(Oc3ncc(cc3Cl)C(F)(F)F)c(Cl)c2,0,1760,11100.0,11300,125000.0,0,0,0,1340.0,4560,0,0,2090,16100,68600,0,0,0,2060,5480.0,59
60,61,Chloridazon,Chloridazon,1698-60-8,NC1=C(Cl)C(=O)N(N=C1)c2ccccc2,4370,10800,69800.0,55600,187000.0,2510,6120,64500,36200.0,163000,2890,7380,63600,90100,160000,7080,26400,63300,96600,133000.0,60
61,62,Chlormephos,Chlormephos,24934-91-6,CCO[P](=S)(OCC)SCCl,0,0,0.0,0,0.0,0,0,0,0.0,222,0,0,0,0,0,0,0,930,0,223.0,61
62,63,Chloroneb,Chloroneb,2675-77-6,COc1cc(Cl)c(OC)cc1Cl,0,0,0.0,0,0.0,0,0,0,0.0,0,0,0,0,0,0,0,0,0,0,0.0,62
63,64,Chloroxuron,Chloroxuron,1982-47-4,CN(C)C(=O)Nc1ccc(Oc2ccc(Cl)cc2)cc1,0,1130,8470.0,7920,27900.0,0,1720,20500,12200.0,80500,0,1390,14100,35800,55800,1640,6410,21500,41800,53100.0,63
64,65,Chlorsulfuron,Chlorsulfuron,64902-72-3,COc1nc(C)nc(NC(=O)N[S](=O)(=O)c2ccccc2Cl)n1,0,0,0.0,0,1040.0,0,0,0,0.0,3850,0,0,0,0,3080,0,0,0,0,769.0,64
65,66,Chlorthiamid,Chlorthiamid,1918-13-4,NC(=S)c1c(Cl)cccc1Cl,0,0,0.0,0,0.0,0,0,0,0.0,0,0,0,0,0,0,0,0,0,0,0.0,65
66,67,Chlorthion,Chlorthion,500-28-7,CO[P](=S)(OC)Oc1ccc(c(Cl)c1)[N+]([O-])=O,0,0,0.0,0,0.0,0,0,0,0.0,0,0,0,0,0,0,0,0,0,0,0.0,66
67,68,Chlorthiophos,Chlorthiophos,60238-56-4,CCO[P](=S)(OCC)Oc1cc(Cl)c(SC)cc1Cl,0,0,0.0,0,0.0,0,572,1560,1210.0,0,0,0,0,0,0,0,598,0,1270,237.0,67
68,69,Chlortoluron,Chlortoluron,15545-48-9,CN(C)C(=O)Nc1ccc(C)c(Cl)c1,417,981,4320.0,3320,6620.0,1690,5360,39400,25900.0,28700,0,1090,7390,8960,10000,6200,20300,38900,47700,18100.0,68
69,70,Cinidon-Ethyl (Summe aus Cinidon-Ethyl und seinem E-Isomer),Cinidon-Ethyl,142891-20-1,CCOC(=O)\C(Cl)=C\c1cc(ccc1Cl)N2C(=O)C3=C(CCCC3)C2=O,0,0,0.0,0,0.0,0,0,2560,1560.0,5270,0,0,0,0,0,0,1960,0,11800,8780.0,69
70,71,Cinosulfuron,Cinosulfuron,94593-91-6,COCCOc1ccccc1[S](=O)(=O)NC(=O)Nc2nc(OC)nc(OC)n2,0,0,0.0,0,1000.0,0,0,0,0.0,549,0,0,0,0,0,0,0,0,0,0.0,70
71,72,Climbazol,Climbazol,38083-17-9,CC(C)(C)C(=O)C(Oc1ccc(Cl)cc1)n2ccnc2,2270,7080,53000.0,37100,151000.0,656,2900,36800,20100.0,66300,0,933,8100,16500,21300,684,4590,22200,48300,70400.0,71
72,73,Clodinafop-Propargyl,Clodinafop Propargyl,105512-06-9,CC(C(=O)OCC#C)OC1=CC=C(C=C1)OC2=C(C=C(C=N2)Cl)F,0,0,0.0,0,0.0,0,1590,7470,5670.0,3110,0,0,0,0,0,1650,5860,12800,9790,3020.0,72
73,74,Cloquintocet-Mexyl,Cloquintocet-Mexyl,99607-70-2,CCCCCC(C)OC(=O)COc1ccc(Cl)c2cccnc12,0,0,0.0,0,0.0,0,1750,24100,13500.0,120000,0,0,0,0,0,592,4230,12500,34000,67700.0,73
74,75,Crimidin,Crimidin,535-89-7,CN(C)c1cc(C)nc(Cl)n1,0,0,0.0,0,0.0,9030,0,194000,92900.0,416000,0,0,0,0,0,35600,62300,0,0,0.0,74
75,76,Crufomat,Crufomat,299-86-5,CN[P](=O)(OC)Oc1ccc(cc1Cl)C(C)(C)C,0,0,0.0,0,0.0,0,1910,13200,11700.0,3800,0,0,0,0,0,1000,4970,12500,16600,2810.0,75
76,77,Cyanazin,Cyanazin,21725-46-2,CCNc1nc(Cl)nc(NC(C)(C)C#N)n1,0,512,1810.0,1400,2080.0,1280,4300,32500,24300.0,20700,519,1770,12300,17400,23100,4300,16100,34500,43200,17000.0,76
77,78,Cyanofenphos,Cyanofenphos,13067-93-1,CCO[P](=S)(Oc1ccc(cc1)C#N)c2ccccc2,0,0,0.0,0,0.0,0,614,1700,1100.0,195,0,0,0,0,0,0,1020,0,4900,219.0,77
78,79,Cyanophos,Cyanophos,2636-26-2,CO[P](=S)(OC)Oc1ccc(cc1)C#N,0,0,0.0,0,0.0,0,0,725,0.0,838,0,0,0,0,0,0,0,2000,0,0.0,78
79,80,Cyclanilid,Cyclanilide,113136-77-9,C1CC1(C(=O)NC2=C(C=C(C=C2)Cl)Cl)C(=O)O,0,0,1500.0,1500,20900.0,0,0,0,0.0,2430,0,0,0,5980,64600,0,0,0,0,1880.0,79
80,81,Cycloat,Cycloate,1134-23-2,CCSC(=O)N(CC)C1CCCCC1,0,0,0.0,0,0.0,14700,19600,156000,251000.0,327000,0,0,0,0,0,39000,92200,0,0,0.0,80
81,82,Cycloxydim,Cycloxydim,101205-02-1,CCCC(=NOCC)C1=C(CC(CC1=O)C2CCCSC2)O,0,0,540.0,355,1030.0,0,880,8560,11900.0,20300,0,1190,23700,58400,86500,0,2150,6980,17000,15700.0,81
82,83,Cyhalofop-butyl,Cyhalofop-butyl,122008-85-9,CCCCOC(=O)[C@@H](C)Oc1ccc(Oc2ccc(cc2F)C#N)cc1,0,0,0.0,0,0.0,0,0,1010,1060.0,2660,0,0,0,0,0,0,514,0,2710,1890.0,82
83,84,Cyhexatin,Cyhexatin,13121-70-5,C1CCC(CC1)[Sn](C2CCCCC2)C3CCCCC3.O,0,0,0.0,0,0.0,0,0,0,0.0,0,0,0,0,0,0,0,0,0,0,0.0,83
84,85,Cymiazol,Cymiazol,61676-87-7,CN1C=CSC1=Nc2ccc(C)cc2C,0,0,0.0,0,0.0,3220,9360,89700,64000.0,336000,0,0,0,0,0,6980,24000,52900,120000,132000.0,84
85,86,"Cypermethrin, alpha-",alpha-Cypermethrin,"
67375-30-8",CC1(C)C(\C=C(\Cl)Cl)C1C(=O)OC(C#N)c2cccc(Oc3ccccc3)c2,0,0,0.0,0,64.2,0,0,493,503.0,717,0,0,0,0,0,0,934,0,3980,375.0,85
86,87,Cyphenothrin,Cyphenothrin,39515-40-7,CC(C)=CC1C(C(=O)OC(C#N)c2cccc(Oc3ccccc3)c2)C1(C)C,0,0,0.0,0,0.0,0,590,2380,1710.0,1440,0,0,0,0,0,0,1940,0,6220,2390.0,86
87,88,Cyprofuram,Cyprofuram,69581-33-5,Clc1cccc(c1)N(C2CCOC2=O)C(=O)C3CC3,0,0,0.0,0,0.0,939,2630,23400,17100.0,10300,0,0,0,0,0,3790,14600,33900,34500,17800.0,87
88,89,Dazomet,Dazomet,533-74-4,CN1CSC(=S)N(C)C1,0,0,0.0,0,0.0,379,1940,28200,26000.0,53300,0,0,0,0,0,0,9510,28300,78100,75100.0,88
89,90,"DDT, o,p'-","o,p'-DDT",789-02-6,Clc1ccc(cc1)C(c2ccccc2Cl)C(Cl)(Cl)Cl,0,0,0.0,0,0.0,0,0,0,0.0,0,0,0,0,0,0,0,0,0,0,0.0,89
90,91,"DDT, p,p'-","p,p'-DDT",50-29-3,Clc1ccc(cc1)C(c2ccc(Cl)cc2)C(Cl)(Cl)Cl,0,0,0.0,0,0.0,0,0,0,0.0,0,0,0,0,0,0,0,0,0,0,0.0,90
91,92,DEF,DEF,78-48-8,CCCCSP(=O)(SCCCC)SCCCC,0,0,0.0,0,0.0,2190,7900,45800,35300.0,19100,0,0,0,0,0,5570,22600,45600,58400,19800.0,91
92,93,Demeton-S-Methyl,Metaisoseptox,919-86-8,CCSCCS[P](=O)(OC)OC,0,0,0.0,0,0.0,0,526,4450,6050.0,21400,0,0,0,0,0,404,1860,0,13600,29700.0,92
93,94,Demeton-S-Methylsulfon,Demeton-S-methylsulphon,17040-19-6,CC[S](=O)(=O)CCS[P](=O)(OC)OC,0,0,240.0,0,315.0,503,2770,30800,29900.0,25400,0,0,0,404,994,1580,8840,25400,43500,15600.0,93
94,95,Desethyl-Simazin,Deisopropylatrazine,1007-28-9,CCNC1=NC(=NC(=N1)N)Cl,0,0,0.0,0,0.0,3940,8710,52200,38000.0,56100,0,0,0,0,0,8580,28300,44100,64300,22600.0,94
95,96,Desmetryn,Desmetryn,1014-69-3,CNc1nc(NC(C)C)nc(SC)n1,0,0,0.0,0,0.0,3420,9700,74300,51100.0,178000,0,0,0,0,0,7740,29300,57200,94100,52900.0,95
96,97,Dialifos,Dialifos,10311-84-9,CCO[P](=S)(OCC)SC(CCl)N1C(=O)c2ccccc2C1=O,0,0,0.0,0,0.0,110,1380,5520,5540.0,3010,0,0,0,0,0,471,4480,565,12500,3230.0,96
97,98,Diallat,Diallate,2303-16-4,CC(C)N(C(C)C)C(=O)SC\C(Cl)=C\Cl,0,0,0.0,0,0.0,2010,3370,27900,42800.0,68400,0,0,0,0,0,5600,14700,81300,0,0.0,97
98,99,Dicamba,Dicamba,1918-00-9,COc1c(Cl)ccc(Cl)c1C(O)=O,0,0,1750.0,1730,6720.0,0,0,0,0.0,0,0,0,0,1900,15900,0,0,0,0,0.0,98
99,100,Dichlobenil,Dichlobenil,1194-65-6,Clc1cccc(Cl)c1C#N,0,0,0.0,0,0.0,0,0,0,0.0,0,0,0,0,0,0,0,0,1740,711,224.0,99
100,101,Dichlofenthion,Dichlofenthion,97-17-6,CCO[P](=S)(OCC)Oc1ccc(Cl)cc1Cl,0,0,0.0,0,0.0,0,135,685,0.0,0,0,0,0,0,0,0,436,5020,0,0.0,100
101,102,Diclobutrazol,Diclobutrazol,75736-33-3,CC(C)(C)C(O)C(Cc1ccc(Cl)cc1Cl)n2cncn2,2080,5180,47400.0,36700,123000.0,0,1550,8310,6230.0,4330,0,0,0,0,0,0,3180,9190,3260,6160.0,101
102,103,Diclofop,Diclofop,40843-25-2,CC(Oc1ccc(Oc2ccc(Cl)cc2Cl)cc1)C(O)=O,0,0,0.0,0,0.0,0,0,0,0.0,0,0,0,0,0,0,0,0,0,0,0.0,102
103,104,Dicrotophos,Dicrotophos,141-66-2,CO[P](=O)(OC)OC(/C)=C/C(=O)N(C)C,0,0,0.0,0,0.0,767,3930,38900,28900.0,85400,0,0,0,0,0,1900,9940,28100,56600,30900.0,103
104,105,Difenoxuron,Difenoxuron,14214-32-5,COc1ccc(Oc2ccc(NC(=O)N(C)C)cc2)cc1,0,0,936.0,1210,3800.0,0,2040,24400,18200.0,123000,0,0,2330,6110,12900,1150,6140,20800,52600,87000.0,104
105,106,Dimefox,Dimefox,115-26-4,CN(C)[P](F)(=O)N(C)C,0,0,0.0,0,0.0,29600,56700,219000,316000.0,329000,0,0,0,0,0,47000,89200,364000,243000,317000.0,105
106,107,Dimefuron,Dimefuron,34205-21-5,CN(C)C(=O)Nc1ccc(N2N=C(OC2=O)C(C)(C)C)c(Cl)c1,677,3880,50600.0,51300,192000.0,0,690,3330,4710.0,29800,456,1210,14400,47800,87000,0,1490,974,9030,19400.0,106
107,108,Dimethachlor,Dimethachlor,50563-36-5,COCCN(C(=O)CCl)c1c(C)cccc1C,0,0,0.0,0,86.7,2390,5910,48600,36400.0,74200,0,0,0,0,0,6770,23800,44100,68700,60900.0,107
108,109,Dimethipin,Dimethipin,55290-64-7,CC1=C(C)[S](=O)(=O)CC[S]1(=O)=O,0,0,0.0,0,0.0,0,0,0,0.0,0,0,0,0,0,0,0,0,0,0,0.0,108
109,110,"Dimethylphenylformamide, 2.4-","Dimethylphenylformamide, 2.4-",60397-77-5,CC1=CC(=C(C=C1)NC=O)C,0,0,0.0,0,0.0,0,0,31600,0.0,53600,0,0,0,1120,2180,0,30300,0,0,0.0,109
110,111,Dimetilan,Dimetilan,644-64-4,CN(C)C(=O)Oc1cc(C)n(n1)C(=O)N(C)C,0,0,0.0,0,64.1,845,3420,42200,27600.0,92900,0,0,0,0,0,2870,12000,30100,60200,21400.0,110
111,112,Dinitramin,Dinitramin,29091-05-2,CCN(CC)C1=C(C=C(C(=C1[N+](=O)[O-])N)C(F)(F)F)[N+](=O)[O-],0,0,0.0,0,0.0,2670,6600,42500,31400.0,35500,17700,41000,216000,282000,486000,0,23700,0,86300,52500.0,111
112,113,Dinobuton,Dinobuton,973-21-7,CCC(C)c1cc(cc(c1OC(=O)OC(C)C)[N+]([O-])=O)[N+]([O-])=O,0,0,0.0,0,0.0,0,0,0,0.0,0,0,0,0,0,0,0,0,0,0,0.0,112
113,114,Dinoseb,Dinoseb,88-85-7,CCC(C)c1cc(cc(c1O)[N+]([O-])=O)[N+]([O-])=O,0,0,0.0,0,0.0,0,0,0,0.0,0,9670,26400,151000,201000,430000,0,0,0,0,0.0,113
114,115,Dinoseb-Acetat,Dinoseb-Acetat,"
2813-95-8",CCC(C)C1=C(C(=CC(=C1)[N+](=O)[O-])[N+](=O)[O-])OC(=O)C,0,0,0.0,0,0.0,0,0,1290,466.0,936,0,0,0,0,0,0,722,1750,2350,1090.0,114
115,116,Dioxacarb,Dioxacarb,6988-21-2,CNC(=O)Oc1ccccc1C2OCCO2,0,0,0.0,0,0.0,0,681,6780,4950.0,7700,0,0,0,0,0,873,3230,11400,7890,1540.0,115
116,117,Diphenamid,Diphenamid,957-51-7,CN(C)C(=O)C(c1ccccc1)c2ccccc2,0,0,0.0,0,0.0,2860,8770,66700,45300.0,89600,0,0,0,0,0,7780,26300,54900,82500,21600.0,116
117,118,Dipropetryn,Dipropetryn,4147-51-7,CCSc1nc(NC(C)C)nc(NC(C)C)n1,0,0,0.0,0,0.0,1900,6130,55400,34000.0,142000,0,0,0,0,0,5650,21300,43700,65800,31000.0,117
118,119,Disulfoton,Disulfoton,298-04-4,CCO[P](=S)(OCC)SCCSCC,0,0,297.0,178,405.0,0,0,2400,0.0,4130,0,0,574,255,289,561,512,2300,0,0.0,118
119,120,Disulfoton-Sulfon,Disulfoton-Sulfon,2497 06 5,CCOP(=S)(OCC)SCCS(=O)(=O)CC,0,705,3300.0,2350,2740.0,400,2410,15000,12300.0,0,0,0,0,0,0,1160,6410,2550,23800,2930.0,119
120,121,Disulfoton-Sulfoxid,Disulfoton-Sulfoxid,2497 07 6,CCOP(=S)(OCC)SCCS(=O)CC,0,0,81.6,0,1040.0,882,3070,36800,24700.0,39600,0,0,0,1590,4410,2310,9570,31300,48500,39100.0,120
121,122,Ditalimfos,Ditalimfos,5131-24-8,CCO[P](=S)(OCC)N1C(=O)c2ccccc2C1=O,0,0,0.0,0,0.0,1050,3740,20800,16500.0,0,0,0,0,0,0,0,3450,0,30300,4830.0,121
122,123,DMSA,DMSA,304-55-2,OC(=O)C(S)C(S)C(O)=O,0,0,0.0,0,0.0,0,0,0,0.0,0,0,0,0,0,0,0,0,0,0,0.0,122
123,124,DNOC,DNOC,534-52-1,Cc1cc(cc(c1O)[N+]([O-])=O)[N+]([O-])=O,0,0,0.0,0,150.0,0,0,0,0.0,0,5990,9000,110000,172000,467000,0,0,0,0,0.0,123
124,125,Dodemorph,Dodemorph,1593-77-7,CC1CN(CC(C)O1)C2CCCCCCCCCCC2,1110,2880,13400.0,11400,15600.0,4600,16500,134000,88400.0,182000,0,0,0,0,0,9150,40500,83300,231000,136000.0,124
125,126,Edifenphos,Edifenphos,17109-49-8,CCO[P](=O)(Sc1ccccc1)Sc2ccccc2,0,0,0.0,0,0.0,410,2350,18300,16500.0,4030,0,0,0,0,0,1600,7490,19600,26700,4610.0,125
126,127,Empenthrin,Empenthrin,54406-48-3,CC\C=C(/C)C(OC(=O)C1C(C=C(C)C)C1(C)C)C#C,0,0,0.0,0,0.0,0,0,7850,9510.0,23900,0,0,0,0,0,0,3240,33100,0,0.0,126
127,128,Endrinketon,Endrin ketone,"
53494-70-5",ClC1C2(Cl)C3C4CC5C3C(Cl)(C2(Cl)Cl)C1(Cl)C5C4=O,1000,1200,2500.0,1650,1530.0,0,0,0,0.0,0,0,0,0,0,0,0,0,0,0,0.0,127
128,129,EPN,EPN,2104-64-5,CCO[P](=S)(Oc1ccc(cc1)[N+]([O-])=O)c2ccccc2,0,0,0.0,0,0.0,0,0,0,0.0,0,0,0,0,0,0,0,0,0,151,0.0,128
129,130,EPTC,EPTC,759-94-4,CCCN(CCC)C(=O)SCC,0,0,0.0,0,987.0,7220,23600,65400,92000.0,124000,0,0,0,0,0,23100,33500,228000,245000,274000.0,129
130,131,Etaconazol,Etaconazol,"
71245-23-3",CCC1COC(Cn2cncn2)(O1)c3ccc(Cl)cc3Cl,0,0,0.0,0,432.0,534,2050,14600,10300.0,6870,0,0,0,0,0,0,7850,26800,25200,17800.0,130
131,132,Ethiofencarb,Ethiofencarb,29973-13-5,CCSCc1ccccc1OC(=O)NC,0,0,0.0,0,76.9,611,0,7860,6920.0,1500,0,0,0,0,0,1940,5640,14400,13500,4160.0,131
132,133,Ethiofencarb-sulfon,Ethiofencarb-sulfon,53380-23-7,CCS(=O)(=O)Cc1ccccc1OC(=O)NC,402,1960,14100.0,13600,62200.0,0,0,2630,2460.0,5470,0,0,0,0,0,0,1720,5350,7600,6570.0,132
133,134,Ethofumesat-Carbonsäure,2-(2-hydroxy-5-methylsulfonyloxyphenyl)-2-methylpropanoic acid,,CC(C)(C1=C(C=CC(=C1)OS(=O)(=O)C)O)C(=O)O,0,0,0.0,0,0.0,0,0,0,0.0,0,0,0,0,0,598,0,0,0,0,0.0,133
134,135,Ethylen Thiourea,Ethylenethiourea,96-45-7,S=C1NCCN1,0,0,0.0,0,0.0,0,903,13600,10500.0,19700,0,0,0,0,0,0,2810,13600,30800,16300.0,134
135,136,Famphur,Famphur,52-85-7,CO[P](=S)(OC)Oc1ccc(cc1)[S](=O)(=O)N(C)C,0,0,0.0,0,0.0,2000,6230,37000,33400.0,9520,0,0,0,0,0,4320,23000,8680,54900,14800.0,135
136,137,Fenchlorazol-Ethyl,"ethyl 1-(2,4-dichlorophenyl)-5-(trichloromethyl)-1,2,4-triazole-3-carboxylate",103112-35-2,CCOC(=O)c1nn(c2ccc(Cl)cc2Cl)c(n1)C(Cl)(Cl)Cl,0,0,0.0,0,63.5,0,0,393,301.0,0,0,0,0,0,0,0,0,934,264,94.9,136
137,138,Fenchlorphos,Fenchlorphos,299-84-3,CO[P](=S)(OC)Oc1cc(Cl)c(Cl)cc1Cl,0,0,0.0,0,0.0,0,0,0,0.0,0,0,0,0,0,0,0,0,0,0,0.0,137
138,139,Fenchlorphos-oxon,Fenchlorphos-oxon,3983-45-7,CO[P](=O)(OC)Oc1cc(Cl)c(Cl)cc1Cl,0,0,0.0,0,0.0,0,1050,4720,3740.0,0,0,0,0,0,0,244,0,0,15400,10700.0,138
139,140,Fenobucarb,Fenobucarb,3766-81-2,CCC(C)c1ccccc1OC(=O)NC,0,0,0.0,0,0.0,0,11800,59600,0.0,110000,0,0,0,0,0,0,31300,0,111000,136000.0,139
140,141,Fenoprop,Fenoprop,93-72-1,CC(Oc1cc(Cl)c(Cl)cc1Cl)C(O)=O,0,0,2050.0,5300,83300.0,0,0,0,0.0,0,0,0,0,4770,33600,0,0,0,0,0.0,140
141,142,Fenothiocarb,Fenothiocarb,62850-32-2,CN(C)C(=O)SCCCCOc1ccccc1,0,0,0.0,0,0.0,1100,4440,35100,19300.0,31900,0,0,0,0,0,5170,17900,33800,56300,12000.0,141
142,143,Fenoxaprop-Ethyl,Acclaim,"
66441-23-4",CCOC(=O)C(C)Oc1ccc(Oc2oc3cc(Cl)ccc3n2)cc1,0,0,0.0,0,0.0,0,1580,8870,6970.0,13700,0,0,0,0,0,1020,4350,11600,10500,5640.0,142
143,144,Fenpiclonil,Fenpiclonil,74738-17-3,Clc1cccc(c1Cl)c2c[nH]cc2C#N,9390,22100,125000.0,97400,463000.0,0,680,5170,4160.0,10700,4590,10300,69300,102000,199000,1030,7500,0,31900,23900.0,143
144,145,Fenpyrazamin,Fenpyrazamine,473798-59-3,CC1=CC=CC=C1C2=C(N(N(C2=O)C(C)C)C(=O)SCC=C)N,0,0,0.0,0,0.0,0,0,0,0.0,0,0,0,0,0,0,0,0,0,0,0.0,144
145,146,Fenson,Fenson,80-38-6,Clc1ccc(O[S](=O)(=O)c2ccccc2)cc1,0,0,0.0,0,0.0,0,0,0,0.0,0,0,0,0,0,0,0,0,0,517,0.0,145
146,147,Fensulfothion,Fensulfothion,115-90-2,CCO[P](=S)(OCC)Oc1ccc(cc1)[S](C)=O,0,0,0.0,0,0.0,888,2800,26000,20300.0,12300,0,0,0,0,0,2410,9790,27500,41500,18800.0,146
147,148,Fensulfothion Sulfone,Fensulfothion Sulfone,14255-72-2,CCOP(=S)(OCC)OC1=CC=C(C=C1)S(=O)(=O)C,0,0,214.0,238,138.0,893,2530,15100,13900.0,4100,0,0,0,0,0,1230,9220,999,34700,8940.0,147
148,149,Fentin,TRIPHENYLTIN ,,c1ccc(cc1)[Sn](c2ccccc2)c3ccccc3,0,0,0.0,0,0.0,0,0,0,0.0,0,0,0,0,0,0,0,0,0,0,0.0,148
149,150,Fenuron,Fenuron,101-42-8,CN(C)C(=O)Nc1ccccc1,0,0,0.0,0,0.0,4350,12700,76400,58100.0,129000,0,0,1170,1700,2450,10300,33700,67500,110000,85800.0,149
150,151,Flamprop-M-Isopropyl,Flamprop-M-Isopropyl,57973-67-8,CC(C)OC(=O)[C@H](C)N(C(=O)c1ccccc1)c2ccc(F)c(Cl)c2,0,0,0.0,0,2350.0,807,1650,9420,8090.0,2870,0,0,0,0,0,2930,9000,18200,15100,3350.0,150
151,152,Flamprop-M-Methyl,methyl (2R)-2-(N-benzoyl-3-chloro-4-fluoroanilino)propanoate,63729-98-6,COC(=O)[C@@H](C)N(C(=O)c1ccccc1)c2ccc(F)c(Cl)c2,0,0,0.0,0,0.0,763,1880,12100,9070.0,0,0,0,0,0,0,3190,9650,17800,17000,4690.0,151
152,153,Flazasulfuron,Flazasulfuron,104040-78-0,COc1cc(OC)nc(NC(=O)N[S](=O)(=O)c2ncccc2C(F)(F)F)n1,0,0,0.0,0,272.0,0,0,0,0.0,4010,0,0,0,0,2150,0,0,0,0,347.0,152
153,154,Fluazuron,Fluazuron,86811-58-7,Fc1cccc(F)c1C(=O)NC(=O)Nc2ccc(Cl)c(Oc3ncc(cc3Cl)C(F)(F)F)c2,856,2950,34600.0,42200,262000.0,0,0,847,3010.0,10300,0,0,5030,35100,114000,0,333,697,3570,9410.0,153
154,155,Flubenzimin,Flubenzimin,37893-02-0,FC(F)(F)N=C1SC(=Nc2ccccc2)N(c3ccccc3)C1=NC(F)(F)F,0,1300,8060.0,2540,3250.0,0,0,2910,10200.0,1910,0,0,0,0,0,0,0,0,23400,1480.0,154
155,156,Fluchloralin,Fluchloralin,33245-39-5,CCCN(CCCl)c1c(cc(cc1[N+]([O-])=O)C(F)(F)F)[N+]([O-])=O,0,0,386.0,439,0.0,0,0,817,0.0,0,0,0,0,0,0,301,1630,2300,2640,0.0,155
156,157,Flucythrinat,Flucythrinat,"
70124-77-5",CC(C)C(C1=CC=C(C=C1)OC(F)F)C(=O)OC(C#N)C2=CC(=CC=C2)OC3=CC=CC=C3,702,1580,4970.0,5250,9770.0,0,0,0,0.0,148,0,0,0,0,416,0,193,0,1540,619.0,156
157,158,Fluensulfon,Fluensulfone,318290-98-1,C1=C(SC(=N1)S(=O)(=O)CCC(=C(F)F)F)Cl,0,0,0.0,0,0.0,0,0,0,0.0,247,0,0,0,0,0,0,0,2190,0,0.0,157
158,159,Flufenacet oxalate,Flufenacet oxalate,201668-31-7,CC(C)N(c1ccc(F)cc1)C(=O)C(O)=O,0,0,0.0,0,0.0,1070,3480,67800,0.0,132000,0,0,493,979,1570,0,577,36700,73300,130000.0,158
159,160,Flufenacet sulfonic acid,flufenacet ESA,201668-32-8,CC(C)N(C1=CC=C(C=C1)F)C(=O)CS(=O)(=O)O,0,0,0.0,0,0.0,0,0,0,0.0,0,0,0,0,0,0,0,0,0,0,0.0,159
160,161,Flufenacet thioglycolate sulfoxid,2-[2-(4-fluoro-N-propan-2-ylanilino)-2-oxoethyl]sulfinylacetic acid,201668-33-9,CC(C)N(C1=CC=C(C=C1)F)C(=O)CS(=O)CC(=O)O,0,0,0.0,0,0.0,0,0,0,0.0,0,0,0,0,0,0,0,0,0,0,0.0,160
161,162,Flumetralin,Flumetralin,62924-70-3,CCN(Cc1c(F)cccc1Cl)c2c(cc(cc2[N+]([O-])=O)C(F)(F)F)[N+]([O-])=O,0,0,0.0,0,0.0,0,370,1700,1670.0,302,0,0,0,0,0,0,1850,0,2320,736.0,161
162,163,Fluometuron,Fluometuron,2164-17-2,CN(C)C(=O)Nc1cccc(c1)C(F)(F)F,8400,17800,90000.0,70200,177000.0,3870,10100,56200,50200.0,47200,6120,15300,89200,115000,198000,9810,35200,52800,81300,45500.0,162
163,164,Fluorodifen,Fluorodifen,"
15457-05-3",[O-][N+](=O)c1ccc(Oc2ccc(cc2[N+]([O-])=O)C(F)(F)F)cc1,1760,3530,18000.0,12300,20800.0,0,0,0,0.0,0,0,0,0,0,0,0,0,0,0,0.0,163
164,165,Fluotrimazol,Fluotrimazol,"
31251-03-3",FC(F)(F)c1cccc(c1)C(n2cncn2)(c3ccccc3)c4ccccc4,0,0,0.0,0,0.0,0,0,0,99.2,0,0,0,0,0,0,0,0,0,103,165.0,164
165,166,Flurochloridon,Flurochloridon,61213-25-0,FC(F)(F)c1cccc(c1)N2CC(CCl)C(Cl)C2=O,1490,2820,21700.0,15700,39100.0,320,1250,3150,3440.0,0,0,0,2350,2720,2640,203,3670,0,9020,0.0,165
166,167,Fluroxypyr,Fluroxypyr,69377-81-7,Nc1c(Cl)c(F)nc(OCC(O)=O)c1Cl,0,0,0.0,0,3780.0,0,0,1490,1480.0,3170,0,0,0,0,15600,0,0,0,1260,1550.0,166
167,168,Fluroxypyr-1-methylheptylester,Fluroxypyr-1-methylheptyl ester,81406-37-3,CCCCCCC(C)OC(=O)COc1nc(F)c(Cl)c(N)c1Cl,0,0,0.0,0,0.0,931,2330,10800,8110.0,2620,0,876,5800,5930,4070,922,8490,772,20500,5610.0,167
168,169,Flurprimidol,Flurprimidol,56425-91-3,CC(C)C(O)(c1ccc(OC(F)(F)F)cc1)c2cncnc2,2300,6010,34600.0,26000,55900.0,291,2830,22100,14400.0,3270,0,0,1760,2290,2800,4540,14000,26900,28400,5300.0,168
169,170,Fluthiacet-Methyl,"methyl 2-[2-chloro-4-fluoro-5-[(3-oxo-5,6,7,8-tetrahydro-[1,3,4]thiadiazolo[3,4-a]pyridazin-1-ylidene)amino]phenyl]sulfanylacetate",117337-19-6,COC(=O)CSc1cc(N=C2SC(=O)N3CCCCN23)c(F)cc1Cl,0,0,1530.0,1320,3150.0,0,1890,14200,9350.0,95900,0,0,0,0,0,299,3950,11600,29100,52900.0,169
170,171,Folpet,Folpet,133-07-3,ClC(Cl)(Cl)SN1C(=O)c2ccccc2C1=O,0,0,0.0,0,0.0,0,0,0,0.0,0,0,0,0,0,0,0,0,0,0,0.0,170
171,172,Fuberidazol,Fuberidazol,3878-19-1,[nH]1c2ccccc2nc1c3occc3,0,497,3060.0,1890,3450.0,4180,11500,92800,57400.0,222000,6400,15300,90300,114000,157000,12200,35900,70200,108000,78500.0,171
172,173,Furalaxyl,Furalaxyl,57646-30-7,COC(=O)C(C)N(C(=O)c1occc1)c2c(C)cccc2C,0,0,0.0,0,0.0,1560,4630,39800,25900.0,41600,0,0,0,0,0,5410,15800,40200,51000,23600.0,172
173,174,Furmecyclox,Furmecyclox,60568-05-0,CON(C1CCCCC1)C(=O)c2cc(C)oc2C,0,0,0.0,0,0.0,0,6510,46800,0.0,117000,0,0,0,0,0,0,17700,0,67500,92600.0,173
174,175,Genite,Genite,97-16-5,Clc1ccc(O[S](=O)(=O)c2ccccc2)c(Cl)c1,0,0,0.0,0,0.0,0,0,0,0.0,0,0,0,0,0,0,0,0,0,219,0.0,174
175,176,"HCH, beta","HCH, beta",319-84-6,Cl[C@H]1[C@H](Cl)[C@@H](Cl)[C@H](Cl)[C@@H](Cl)[C@@H]1Cl,565,766,6070.0,3470,11600.0,0,0,0,0.0,0,0,0,2850,1150,1820,0,0,0,0,0.0,175
176,177,Heptachlor,Heptachlor,"
76-44-8",ClC1C=CC2C1C3(Cl)C(=C(Cl)C2(Cl)C3(Cl)Cl)Cl,0,0,0.0,0,0.0,0,0,0,0.0,0,0,0,0,0,0,0,0,0,0,0.0,176
177,178,Heptenophos,Heptenophos,23560-59-0,CO[P](=O)(OC)OC1=C(Cl)C2C=CCC12,0,0,0.0,0,0.0,0,0,10400,12100.0,30200,0,0,0,0,0,0,0,0,0,46000.0,177
178,179,Hexadecyltrimethylammonium chlorid,Hexadecyltrimethylammonium chlorid,"
112-02-7",CCCCCCCCCCCCCCCC[N+](C)(C)C.[Cl-],0,0,0.0,0,0.0,0,0,0,0.0,0,0,0,0,0,0,0,0,0,0,0.0,178
179,180,Hexaflumuron,Hexaflumuron,86479-06-3,FC(F)C(F)(F)Oc1c(Cl)cc(NC(=O)NC(=O)c2c(F)cccc2F)cc1Cl,3510,17000,172000.0,194000,962000.0,0,0,870,1730.0,4600,0,1190,16500,62100,134000,0,473,0,6970,6440.0,179
180,181,Hexazinon,Hexazinon,51235-04-2,CN1C(=NC(=O)N(C1=O)C2CCCCC2)N(C)C,0,0,0.0,0,0.0,1890,6380,73600,42400.0,159000,0,0,0,0,0,5020,18500,63000,100000,135000.0,180
181,182,Hydramethylnon,Hydramethylnon,"
67485-29-4",CC1(C)CNC(=NC1)N\N=C(/C=C/c2ccc(cc2)C(F)(F)F)\C=C\c3ccc(cc3)C(F)(F)F,0,0,2790.0,5120,35800.0,0,0,423,2330.0,22100,0,0,0,8140,51300,0,0,0,0,3600.0,181
182,183,Imazapyr,Imazapyr,81334-34-1,CC(C)C1(C)N=C(NC1=O)c2ncccc2C(O)=O,0,0,0.0,0,4310.0,0,0,0,1860.0,93000,0,0,0,2400,39900,0,0,0,0,8500.0,182
183,184,Imazaquin,Imazaquin,81335-37-7,CC(C)C1(C)N=C(NC1=O)c2nc3ccccc3cc2C(O)=O,0,0,0.0,0,5120.0,0,0,0,944.0,50100,0,0,0,672,14000,0,0,0,0,3030.0,183
184,185,Iodofenphos,Iodofenphos,18181-70-9,CO[P](=S)(OC)Oc1cc(Cl)c(I)cc1Cl,0,0,0.0,0,0.0,0,0,0,0.0,0,0,0,0,0,0,0,0,0,0,0.0,184
185,186,Iodosulfuron-Methyl,Iodosulfuron-Methyl,144550-06-1,CC1=NC(=NC(=N1)OC)NC(=O)NS(=O)(=O)C2=C(C=CC(=C2)I)C(=O)OC,0,0,0.0,0,224.0,0,0,0,0.0,0,0,0,0,0,0,0,0,0,0,0.0,185
186,187,Ioxynil-Methyl,Ioxynil-Methyl,3336-40-1,CC1=NC(=NC(=N1)OC)NC(=O)NS(=O)(=O)C2=C(C=CC(=C2)I)C(=O)OC,0,0,0.0,0,0.0,0,0,0,0.0,0,0,0,0,0,0,0,0,0,0,0.0,186
187,188,Isazofos,Isazofos,42509-80-8,CCO[P](=S)(OCC)Oc1nn(C(C)C)c(Cl)n1,0,0,0.0,0,0.0,1730,7190,48800,38900.0,101000,0,0,0,0,0,0,18000,39500,76800,88000.0,187
188,189,Isobenzan,Isobenzan,297-78-9,ClC1OC(Cl)C2C1C3(Cl)C(=C(Cl)C2(Cl)C3(Cl)Cl)Cl,0,0,0.0,0,0.0,0,0,0,0.0,0,0,0,0,0,0,0,0,0,0,0.0,188
189,190,Isocarbamid,Isocarbamid,30979-48-7,CC(C)CNC(=O)N1CCNC1=O,0,0,0.0,0,0.0,2130,7060,43000,29400.0,26900,0,0,0,0,0,4110,16300,31800,56400,9810.0,189
190,191,Isofenphosoxon,Isofenphosoxon,31120-85-1,CCO[P](=O)(NC(C)C)Oc1ccccc1C(=O)OC(C)C,0,0,0.0,0,0.0,343,2740,33600,22500.0,88100,0,0,0,0,0,1620,8170,22900,51300,35800.0,190
191,192,Isomethiozin,Isomethiozin,57052-04-7,CSC1=NN=C(C(=O)N1\N=C\C(C)C)C(C)(C)C,0,0,0.0,0,0.0,2220,6700,54700,39200.0,110000,0,0,0,0,0,6220,24100,45600,75900,54800.0,191
192,193,Isopropalin,Isopropalin,33820-53-0,CCCN(CCC)c1c(cc(cc1[N+]([O-])=O)C(C)C)[N+]([O-])=O,0,0,0.0,0,0.0,2320,5030,41300,31300.0,50200,0,0,0,0,0,0,15200,19600,64400,41100.0,192
193,194,Isoxadifen-Ethyl,Isoxadifen-Ethyl,163520-33-0,CCOC(=O)C1=NOC(C1)(c2ccccc2)c3ccccc3,0,0,0.0,0,0.0,426,1600,7360,6530.0,1340,0,0,0,0,0,951,5660,3110,12600,2140.0,193
194,195,Isoxaflutol,Isoxaflutol,141112-29-0,CS(=O)(=O)C1=C(C=CC(=C1)C(F)(F)F)C(=O)C2=C(ON=C2)C3CC3,0,160,1500.0,3510,3960.0,0,0,0,2180.0,1270,0,0,0,12700,56200,0,0,0,4250,0.0,194
195,196,Isoxaflutole diketonitril,Isoxaflutole diketonitril,143701-75-1,CS(=O)(=O)C1=C(C=CC(=C1)C(F)(F)F)C(=O)C2=C(ON=C2)C3CC3,0,160,1500.0,3510,3960.0,0,0,0,2180.0,1270,0,0,0,12700,56200,0,0,0,4250,0.0,195
196,197,Leptophos,Leptophos,"
21609-90-5",CO[P](=S)(Oc1cc(Cl)c(Br)cc1Cl)c2ccccc2,0,0,0.0,0,0.0,0,0,0,0.0,0,0,0,0,0,0,0,0,0,0,0.0,196
197,198,Mecarbam,Mecarbam,2595-54-2,CCOC(=O)N(C)C(=O)CS[P](=S)(OCC)OCC,0,0,0.0,0,0.0,445,2680,21600,13400.0,2890,0,0,0,0,0,1420,8830,15300,24800,4630.0,197
198,199,Mecoprop,Mecoprop,93-65-2,CC(Oc1ccc(Cl)cc1C)C(O)=O,0,0,3910.0,12800,117000.0,0,0,0,0.0,265,0,0,1390,14900,53300,0,0,0,0,690.0,198
199,200,Mefenpyr-diethyl,Mefenpyr-diethyl,135590-91-9,CCOC(=O)C1=NN(c2ccc(Cl)cc2Cl)C(C)(C1)C(=O)OCC,0,0,0.0,0,0.0,0,1000,4510,3700.0,2170,0,0,0,0,0,733,3470,8500,6230,1170.0,199
200,201,Mephosfolan,Mephosfolan,950-10-7,CCO[P](=O)(OCC)N=C1SCC(C)S1,0,0,0.0,0,0.0,794,3430,45200,30400.0,77800,0,0,0,0,0,2630,9540,31300,55500,45300.0,200
201,202,Mepronil,Mepronil,55814-41-0,CC(C)Oc1cccc(NC(=O)c2ccccc2C)c1,0,1010,4130.0,2890,7500.0,1380,3470,27100,18000.0,16500,964,2610,22200,26900,32800,4720,15000,34400,35300,20400.0,201
202,203,Merphos,Merphos,150-50-5,CCCCSP(SCCCC)SCCCC,0,0,0.0,0,0.0,0,0,0,0.0,0,0,0,0,0,0,0,0,0,0,0.0,202
203,204,Metconazol,Metconazol,125116-23-6,CC1(CCC(C1(CN2C=NC=N2)O)CC3=CC=C(C=C3)Cl)C,2860,8880,70400.0,49300,177000.0,629,2170,22500,14200.0,39000,0,0,0,292,424,796,3560,15200,41400,47900.0,203
204,205,Methacrifos,Methacrifos,62610-77-9,COC(=O)C(/C)=C/O[P](=S)(OC)OC,0,0,0.0,0,0.0,0,1210,9110,15000.0,25200,0,0,0,0,0,2420,2650,65100,0,0.0,204
205,206,Methoprotryn,Methoprotryn,841-06-5,COCCCNc1nc(NC(C)C)nc(SC)n1,0,0,0.0,0,0.0,2220,6600,78900,45000.0,246000,0,0,0,0,0,6380,20900,55100,88000,87800.0,205
206,207,Metobromuron,Metobromuron,3060-89-7,CON(C)C(=O)Nc1ccc(Br)cc1,0,0,0.0,0,0.0,1200,2960,18200,12800.0,11600,0,0,1870,3070,4260,2800,14700,20600,37900,26700.0,206
207,208,Metoxuron,Metoxuron,19937-59-8,COc1ccc(NC(=O)N(C)C)cc1Cl,0,1020,4700.0,3650,9410.0,941,3930,37100,25700.0,53500,0,736,8020,13500,17800,4120,15200,37800,49000,36600.0,207
208,209,Mevinphos (Summe der E- und Z-Isomeren),Mevinphos (Summe der E- und Z-Isomeren),298-01-1,CC(=CC(=O)OC)OP(=O)(OC)OC,0,0,0.0,0,63.0,565,0,27600,47500.0,86300,0,0,0,0,0,0,0,0,0,108000.0,208
209,210,Mirex,Mirex,"
2385-85-5",ClC1(Cl)C2(Cl)C3(Cl)C4(Cl)C(Cl)(Cl)C5(Cl)C3(Cl)C1(Cl)C5(Cl)C24Cl,0,0,0.0,0,0.0,0,0,0,0.0,0,0,0,0,0,0,0,0,0,0,0.0,209
210,211,Molinat,Molinat,2212-67-1,CCSC(=O)N1CCCCCC1,0,0,0.0,0,0.0,7640,15600,73400,124000.0,151000,0,0,0,0,0,20000,52900,272000,0,0.0,210
211,212,Monolinuron,Monolinuron,1746-81-2,CON(C)C(=O)Nc1ccc(Cl)cc1,0,0,0.0,0,146.0,2650,6560,44000,39000.0,49400,0,0,0,2020,3630,0,24200,31700,73300,71600.0,211
212,213,Monuron,Monuron,150-68-5,CN(C)C(=O)Nc1ccc(Cl)cc1,954,2010,15300.0,11400,31100.0,3050,9110,53200,39100.0,40900,1770,5060,31500,37600,43500,9270,31500,53300,70700,14500.0,212
213,214,N-2.4-Dimethylphenyl-N'-methylformamidine [DMPF],N-2.4-Dimethylphenyl-N'-methylformamidine [DMPF],33089-74-6,CC1=CC(=C(C=C1)NC=NC)C,0,0,0.0,0,0.0,1130,1890,9910,17800.0,132000,0,0,0,0,0,2550,6300,4700,33400,49200.0,213
214,215,Naled,Naled,300-76-5,CO[P](=O)(OC)OC(Br)C(Cl)(Cl)Br,0,0,0.0,0,0.0,0,0,0,1060.0,1620,0,0,0,0,0,0,0,0,0,0.0,214
215,216,Naphtyloxyacetamid,Naphtyloxyacetamid,35368-77-5,C1=CC=C2C=C(C=CC2=C1)OCC(=O)N,0,0,0.0,0,0.0,1650,4550,29600,22500.0,30200,0,0,0,0,0,3380,19100,3880,69100,43300.0,215
216,217,Napropamid,Napropamid,15299-99-7,CCN(CC)C(=O)C(C)Oc1cccc2ccccc12,0,0,0.0,0,0.0,2150,5290,42500,28000.0,12000,0,0,0,0,0,7110,21000,42700,40400,9590.0,216
217,218,Neburon,Neburon,555-37-3,CCCCN(C)C(=O)Nc1ccc(Cl)c(Cl)c1,2430,6200,41200.0,30600,148000.0,895,2710,19700,13200.0,13500,3340,7740,60700,92400,129000,3160,12000,23700,13600,11100.0,217
218,219,Nicosulfuron,Nicosulfuron,111991-09-4,COc1cc(OC)nc(NC(=O)N[S](=O)(=O)c2ncccc2C(=O)N(C)C)n1,0,0,0.0,0,0.0,0,0,0,0.0,0,0,0,0,0,0,0,0,0,0,0.0,218
219,220,Nitenpyram,Nitenpyram,150824-47-8,CCN(Cc1ccc(Cl)nc1)\C(NC)=C\[N+]([O-])=O,0,0,1720.0,2170,5350.0,288,395,8810,10800.0,12800,0,0,4130,9890,9250,0,0,4820,6020,60400.0,219
220,221,Nitrapyrin,Nitrapyrin,1929-82-4,Clc1cccc(n1)C(Cl)(Cl)Cl,0,0,0.0,0,0.0,0,674,2540,4040.0,5800,0,0,0,0,0,1410,1900,56200,25400,33700.0,220
221,222,Nitrofen,Nitrofen,1836-75-5,[O-][N+](=O)c1ccc(Oc2ccc(Cl)cc2Cl)cc1,0,0,0.0,0,0.0,0,0,0,0.0,0,0,0,0,0,0,0,0,0,0,0.0,221
222,223,Nitrothal-Isopropyl,Nitrothal-Isopropyl,10552-74-6,CC(C)OC(=O)c1cc(cc(c1)[N+]([O-])=O)C(=O)OC(C)C,0,0,0.0,0,0.0,0,0,0,0.0,0,0,0,0,0,0,0,0,0,121,0.0,222
223,224,Norflurazon,Norflurazon,27314-13-2,CNC1=C(Cl)C(=O)N(N=C1)c2cccc(c2)C(F)(F)F,4600,10100,60900.0,45800,107000.0,2350,6380,60300,38300.0,68300,5380,15200,108000,139000,186000,8230,28100,67800,88700,78600.0,223
224,225,Nuarimol,Nuarimol,63284-71-9,OC(c1ccc(F)cc1)(c2cncnc2)c3ccccc3Cl,0,261,1150.0,274,440.0,864,2410,16800,12800.0,4880,0,0,1920,2220,1250,3260,9260,21200,24800,10700.0,224
225,226,Ofurac,Ofurac,58810-48-3,CC1=C(C(=CC=C1)C)N(C2CCOC2=O)C(=O)CCl,0,0,92.6,0,0.0,492,2230,18900,14100.0,11700,0,0,0,0,0,3110,11200,21300,31300,16600.0,225
226,227,Oxadiargyl,Oxadiargyl,39807-15-3,CC(C)(C)C1=NN(C(=O)O1)c2cc(OCC#C)c(Cl)cc2Cl,0,0,0.0,0,67.6,0,0,0,0.0,0,0,0,0,0,0,0,0,0,0,0.0,226
227,228,Oxadiazon,Oxadiazon,19666-30-9,CC(C)Oc1cc(N2N=C(OC2=O)C(C)(C)C)c(Cl)cc1Cl,0,0,223.0,0,127.0,109,408,1600,1190.0,0,0,0,0,0,0,0,3230,191,4420,520.0,227
228,229,Pebulat,Pebulat,1114-71-2,CCCCN(CC)C(=O)SCCC,0,0,0.0,0,0.0,7180,19100,67500,105000.0,142000,0,0,0,0,0,21200,40800,217000,76900,132000.0,228
229,230,Pencycuron-PB-amin,Pencycuron-PB-amin,66063-15-8,C1CCC(C1)NCC2=CC=C(C=C2)Cl,0,0,0.0,0,0.0,0,0,0,0.0,0,0,0,0,0,0,0,0,0,0,0.0,229
230,231,Penflufen,Penflufen,494793-67-8,CC1=NN(C(=C1C(=O)NC2=CC=CC=C2C(C)CC(C)C)F)C,0,0,0.0,0,0.0,1960,4690,40100,27500.0,23800,0,0,1700,1420,803,6810,20300,45500,49400,27900.0,230
231,232,Pentanochlor,Pentanochlor,2307-68-8,CCCC(C)C(=O)Nc1ccc(C)c(Cl)c1,3160,7320,39600.0,27600,94000.0,1550,3920,20100,15900.0,3540,1440,4150,26600,32000,47800,5730,17800,27400,31900,4950.0,231
232,233,Perthan,Perthan,72-56-0,CCc1ccc(cc1)C(C(Cl)Cl)c2ccc(CC)cc2,0,0,0.0,0,0.0,0,0,0,0.0,0,0,0,0,0,0,0,0,0,0,0.0,232
233,234,Pethoxamid,Pethoxamid,106700-29-2,CCOCCN(C(=O)CCl)C(=C(C)C)c1ccccc1,0,0,0.0,0,0.0,1540,5510,50200,33300.0,52600,0,0,0,0,0,6040,23400,48800,67200,17500.0,233
234,235,Phenothrin,Phenothrin,26002-80-2,CC(C)=CC1C(C(=O)OCc2cccc(Oc3ccccc3)c2)C1(C)C,0,0,0.0,0,0.0,0,536,3280,2950.0,1230,0,0,0,0,0,147,3010,426,3050,1980.0,234
235,236,Phorat-Oxon,Phorat-Oxon,2600-69-3,CCOP(=O)(OCC)SCSCC,0,0,0.0,0,0.0,0,0,0,0.0,0,0,0,0,0,0,0,0,0,0,0.0,235
236,237,Phorat-Oxon-Sulfon,Phorat-Oxon-Sulfon,09/06/2588,CCOP(=O)(OCC)SCS(=O)(=O)CC,0,0,118.0,181,387.0,0,0,185,0.0,0,0,0,0,0,0,0,0,0,0,0.0,236
237,238,Phosphamidon,Phosphamidon,23783-98-4,CCN(CC)C(=O)\C(Cl)=C(/C)O[P](=O)(OC)OC,0,0,0.0,0,0.0,0,2150,22500,18100.0,43900,0,0,0,0,0,1090,6410,17900,34600,11100.0,237
238,239,Picolinafen,Picolinafen,137641-05-5,Fc1ccc(NC(=O)c2cccc(Oc3cccc(c3)C(F)(F)F)n2)cc1,1380,3050,7700.0,6490,5660.0,1350,3570,19600,14100.0,6850,0,1100,6350,8280,7100,3470,15500,2720,34700,14200.0,238
239,240,Picoxystrobin,Picoxystrobin,117428-22-5,CO/C=C(C(=O)OC)/c1ccccc1COc2cccc(n2)C(F)(F)F,0,0,0.0,0,0.0,2120,5450,54400,34100.0,76500,0,0,0,0,0,8920,28600,61200,81600,44900.0,239
240,241,Piperophos,Piperophos,24151-93-7,CCCO[P](=S)(OCCC)SCC(=O)N1CCCCC1C,0,0,0.0,0,0.0,621,2930,38400,23900.0,96300,0,0,0,0,0,2610,9250,28500,49500,56200.0,240
241,242,Plifenat,Plifenat,21757-82-4,CC(=O)OC(C1=CC(=C(C=C1)Cl)Cl)C(Cl)(Cl)Cl,0,0,0.0,0,0.0,0,0,0,0.0,0,0,0,0,0,0,0,0,0,0,0.0,241
242,243,Prallethrin,Prallethrin,23031-36-9,CC(C)=C[C@H]1[C@H](C(=O)OC2CC(=O)C(=C2C)CC#C)C1(C)C,0,0,0.0,0,0.0,964,0,6990,6740.0,0,0,0,0,0,0,141,4240,0,16200,1290.0,242
243,244,Profluralin,Profluralin,26399-36-0,CCCN(CC1CC1)c2c(cc(cc2[N+]([O-])=O)C(F)(F)F)[N+]([O-])=O,0,0,0.0,0,0.0,326,566,4390,0.0,6650,0,0,0,0,0,2360,3720,22000,0,0.0,243
244,245,Profoxydim,2-[(E)-N-[2-(4-chlorophenoxy)propoxy]-C-propylcarbonimidoyl]-3-hydroxy-5-(thian-3-yl)cyclohex-2-en-1-one,139001-49-3,CCC\C(=N/OCC(C)Oc1ccc(Cl)cc1)C2=C(O)CC(CC2=O)C3CCCSC3,0,0,2040.0,2140,21500.0,0,0,0,0.0,2210,0,0,0,2080,14100,0,0,0,0,2150.0,244
245,246,Promecarb,Promecarb,2631-37-0,CNC(=O)Oc1cc(C)cc(c1)C(C)C,0,0,0.0,0,0.0,0,11800,59600,0.0,110000,0,0,0,0,0,0,31300,0,111000,136000.0,245
246,247,Prometon,Prometon,1610-18-0,COc1nc(NC(C)C)nc(NC(C)C)n1,0,0,0.0,0,0.0,0,7180,71500,49600.0,220000,0,0,0,0,0,0,22000,46300,84900,63900.0,246
247,248,Propachlor,Propachlor,1918-16-7,CC(C)N(C(=O)CCl)c1ccccc1,0,0,470.0,366,757.0,5120,16500,73200,105000.0,192000,0,0,625,1050,2020,11000,45400,0,0,198000.0,247
248,249,Propanil,Propanil,709-98-8,CCC(=O)Nc1ccc(Cl)c(Cl)c1,8520,18300,102000.0,71100,320000.0,489,1640,7380,6010.0,0,2970,7230,43100,54900,89500,869,11800,8150,20900,2450.0,248
249,250,Propetamphos,Propetamphos,31218-83-4,CCN[P](=S)(OC)OC(/C)=C\C(=O)OC(C)C,0,0,1390.0,919,1510.0,0,864,3850,3510.0,5840,0,605,4700,8990,14500,736,0,5830,12900,11100.0,249
250,251,Propham,Propham,122-42-9,CC(C)OC(=O)Nc1ccccc1,0,0,89.5,0,0.0,0,0,0,0.0,0,0,0,0,0,0,0,0,0,0,0.0,250
251,252,Propylen Thiourea,Propylen Thiourea,2122-19-2,CC1CNC(=S)N1,0,0,0.0,0,0.0,352,1970,33400,22200.0,46000,0,0,0,0,0,524,5360,32200,63500,19200.0,251
252,253,Prosulfuron,Prosulfuron,94125-34-5,COc1nc(C)nc(NC(=O)N[S](=O)(=O)c2ccccc2CCC(F)(F)F)n1,0,0,669.0,0,9610.0,0,0,0,0.0,5960,0,0,0,0,13600,0,0,0,0,791.0,252
253,254,Prothioconazol,Prothioconazol,178928-70-6,C1CC1(C(CC2=CC=CC=C2Cl)(CN3C(=S)N=CN3)O)Cl,0,0,0.0,0,0.0,0,0,0,0.0,199,0,0,0,0,2070,0,0,0,0,0.0,253
254,255,Prothioconazol-desthio,Prothioconazol-desthio,120983-64-4,OC(Cc1ccccc1Cl)(Cn2cncn2)C3(Cl)CC3,1370,2840,21100.0,15100,37900.0,0,1670,9980,7020.0,3210,0,0,0,256,463,905,4180,12500,14600,6690.0,254
255,256,Pyraflufen,Pyraflufen,129630-17-7,CN1C(=C(C(=N1)C2=CC(=C(C=C2F)Cl)OCC(=O)O)Cl)OC(F)F,0,581,3840.0,11600,47000.0,0,0,0,0.0,0,0,0,0,0,0,0,0,0,0,0.0,255
256,257,Pyraflufen-Ethyl,Pyraflufen-Ethyl,129630-19-9,CCOC(=O)COc1cc(c(F)cc1Cl)c2nn(C)c(OC(F)F)c2Cl,1250,2560,7530.0,5440,10500.0,139,977,4810,3620.0,1900,0,0,0,0,0,1190,4220,5820,3580,490.0,256
257,258,Pyridafol,Pyridafol,40020-01-7,C1=CC=C(C=C1)C2=NNC(=CC2=O)Cl,817,1520,23400.0,6250,34900.0,0,1110,13000,3650.0,15600,0,1650,21200,33100,60600,254,3420,13000,12100,12600.0,257
258,259,Pyridaphenthion,Pyridaphenthion,119-12-0,CCO[P](=S)(OCC)OC1=NN(C(=O)C=C1)c2ccccc2,0,0,0.0,0,0.0,738,2930,26100,21300.0,24700,0,0,0,0,0,2510,10700,26200,39600,26100.0,258
259,260,Pyridat,Pyridat,55512-33-9,CCCCCCCCSC(=O)Oc1cc(Cl)nnc1c2ccccc2,0,0,0.0,0,0.0,0,0,0,4110.0,15200,0,0,0,0,0,0,0,0,4060,6890.0,259
260,261,Pyriofenon,Pyriofenon,688046-61-9,CC1=CC(=C(C(=C1C(=O)C2=C(C(=CN=C2OC)Cl)C)OC)OC)OC,0,0,0.0,0,0.0,1620,2980,22700,16200.0,10200,0,0,0,0,0,5520,17000,28100,28800,10900.0,260
261,262,Quinclorac,Quinclorac,84087-01-4,OC(=O)c1c(Cl)ccc2cc(Cl)cnc12,0,0,0.0,0,1280.0,0,0,0,885.0,41200,0,0,0,0,8610,0,0,0,0,1830.0,261
262,263,Quinmerac,Quinmerac,90717-03-6,Cc1cnc2c(ccc(Cl)c2C(O)=O)c1,0,0,0.0,0,94.9,0,0,0,4420.0,178000,0,0,0,0,7450,0,0,0,304,12600.0,262
263,264,Quinocalamin,quinoclamine,2797-51-5,NC1=C(Cl)C(=O)c2ccccc2C1=O,0,0,0.0,0,0.0,1670,4320,22600,17500.0,0,0,0,0,0,0,1580,16100,0,41300,6100.0,263
264,265,Quizalofop-Ethyl,Quizalofop-Ethyl,76578-14-8,CCOC(=O)C(C)Oc1ccc(Oc2cnc3cc(Cl)ccc3n2)cc1,0,0,0.0,0,0.0,383,2660,23600,12700.0,53600,0,0,0,0,0,2430,9690,23200,37800,31400.0,264
265,266,Quizalofop-P,Quizalofop-P,94051-08-8,C[C@@H](Oc1ccc(Oc2cnc3cc(Cl)ccc3n2)cc1)C(O)=O,0,0,0.0,0,0.0,0,0,0,0.0,0,0,0,0,0,0,0,0,0,0,0.0,265
266,267,Rabenzazol,Rabenzazol,40341-04-6,Cc1cc(C)n(n1)c2[nH]c3ccccc3n2,0,0,0.0,0,0.0,370,4830,58700,32900.0,140000,0,0,4480,7790,12500,0,11500,41000,78400,31400.0,266
267,268,Resmethrin,Resmethrin,10453-86-8,CC(C)=CC1C(C(=O)OCc2coc(Cc3ccccc3)c2)C1(C)C,0,0,0.0,0,0.0,473,1600,5450,5010.0,964,0,0,0,0,0,421,3750,670,9940,1030.0,267
268,269,Rimsulfuron,Rimsulfuron,122931-48-0,CC[S](=O)(=O)c1cccnc1[S](=O)(=O)NC(=O)Nc2nc(OC)cc(OC)n2,0,0,0.0,0,89.3,0,0,0,0.0,0,0,0,0,0,0,0,0,0,0,0.0,268
269,270,S421,S421,127-90-2,ClC(COCC(Cl)C(Cl)(Cl)Cl)C(Cl)(Cl)Cl,0,0,0.0,0,0.0,0,0,0,0.0,0,0,0,0,0,0,0,0,0,0,0.0,269
270,271,Saflufenacil M800H11,Saflufenacil M800H11,1246768-30-8,O=C(C=C(C(F)(F)F)N1)N(C2=CC(C(NS(NC(C)C)(=O)=O)=O)=C(Cl)C=C2F)C1=O,0,0,0.0,0,0.0,0,0,0,0.0,0,0,0,0,0,0,0,0,0,0,0.0,270
271,272,Saflufenacil M800H35,Saflufenacil M800H35,"
1246768-31-9",O=C(NS(NC(C)C)(=O)=O)C1=C(Cl)C=C(F)C(NC(N)=O)=C1,0,0,0.0,0,0.0,0,0,0,0.0,0,0,0,0,0,0,0,0,0,0,0.0,271
272,273,Salflienacil Metabolite M800H35,Salflienacil Metabolite M800H35,,O=C(NS(NC(C)C)(=O)=O)C1=C(Cl)C=C(F)C(NC(N)=O)=C1,0,0,0.0,0,0.0,0,0,0,0.0,0,0,0,0,0,0,0,0,0,0,0.0,272
273,274,Salfufenacil Metabolite M800H11,Salfufenacil Metabolite M800H11,,O=C(C=C(C(F)(F)F)N1)N(C2=CC(C(NS(NC(C)C)(=O)=O)=O)=C(Cl)C=C2F)C1=O,0,0,0.0,0,0.0,0,0,0,0.0,0,0,0,0,0,0,0,0,0,0,0.0,273
274,275,Sebuthylazin,Sebuthylazin,7286-69-3,CCNc1nc(Cl)nc(NC(C)CC)n1,0,0,0.0,0,0.0,6540,22900,133000,108000.0,248000,0,0,0,0,0,18600,62300,97500,164000,147000.0,274
275,276,Sethoxydim,Sethoxydim,74051-80-2,CCCC(=NOCC)C1=C(CC(CC1=O)CC(C)SCC)O,0,0,791.0,707,1680.0,0,841,13000,11500.0,20000,0,1550,26300,51600,77000,0,2310,8350,19300,10500.0,275
276,277,Silafluofen,Silafluofen,105024-66-6,CCOc1ccc(cc1)[Si](C)(C)CCCc2ccc(F)c(Oc3ccccc3)c2,0,0,0.0,0,0.0,0,0,0,0.0,0,0,0,0,0,0,0,0,0,0,0.0,276
277,278,Silthiofam,Silthiofam,175217-20-6,CC1=C(SC(=C1C(=O)NCC=C)[Si](C)(C)C)C,0,0,0.0,0,0.0,876,3410,19000,11100.0,31200,0,0,955,1410,1860,4100,12000,21700,32400,24300.0,277
278,279,Sulcotrion,Sulcotrione,99105-77-8,C[S](=O)(=O)c1ccc(c(Cl)c1)C(=O)C2C(=O)CCCC2=O,0,0,0.0,698,7030.0,0,0,0,114.0,4960,0,0,0,1520,21100,0,0,0,455,1800.0,278
279,280,Sulfentrazon,Sulfentrazone,122836-35-5,CC1=NN(C(=O)N1C(F)F)c2cc(N[S](C)(=O)=O)c(Cl)cc2Cl,0,2010,10100.0,13700,36700.0,0,0,615,1350.0,1870,0,0,9200,37500,85100,0,948,569,9130,7240.0,279
280,281,Sulfosulfuron,Sulfosulfuron,141776-32-1,CC[S](=O)(=O)c1nc2ccccn2c1[S](=O)(=O)NC(=O)Nc3nc(OC)cc(OC)n3,0,0,0.0,0,0.0,0,0,0,0.0,0,0,0,0,0,278,0,0,0,0,0.0,280
281,282,Sulfotep,Sulfotep,3689-24-5,CCO[P](=S)(OCC)O[P](=S)(OCC)OCC,0,0,0.0,0,0.0,3460,6590,67800,83900.0,164000,0,0,0,0,0,6570,0,110000,0,0.0,281
282,283,Sulprofos,Sulprofos,35400-43-2,CCCS[P](=S)(OCC)Oc1ccc(SC)cc1,0,0,139.0,0,88.0,510,1660,5680,5790.0,0,0,0,0,0,0,0,1750,643,16600,1170.0,282
283,284,Swep,Swep,1918-18-9,COC(=O)Nc1ccc(Cl)c(Cl)c1,282,782,2990.0,2480,6400.0,0,0,0,0.0,0,779,2520,16700,23700,38700,0,0,0,0,0.0,283
284,285,Tebupirimphos,Tebupirimphos,96182-53-5,CCO[P](=S)(OC(C)C)Oc1cnc(nc1)C(C)(C)C,0,0,0.0,0,0.0,3130,12100,68300,0.0,188000,0,0,0,0,0,11900,34500,0,0,163000.0,284
285,286,Tebutam,Tebutam,35256-85-0,CC(C)N(Cc1ccccc1)C(=O)C(C)(C)C,0,0,0.0,0,0.0,4620,17300,88000,141000.0,265000,0,0,0,0,0,0,0,0,0,218000.0,285
286,287,Tecnazen,Tecnazen,117-18-0,[O-][N+](=O)c1c(Cl)c(Cl)cc(Cl)c1Cl,0,0,0.0,0,0.0,0,0,0,0.0,0,0,0,0,0,0,0,0,0,0,0.0,286
287,288,Tembotrion,Tembotrione,335104-84-2,CS(=O)(=O)C1=C(C(=C(C=C1)C(=O)C2C(=O)CCCC2=O)Cl)COCC(F)(F)F,0,0,346.0,679,8770.0,0,0,0,0.0,595,0,0,0,683,10500,0,0,0,0,0.0,287
288,289,Temephos,Temephos,"
3383-96-8",CO[P](=S)(OC)Oc1ccc(Sc2ccc(O[P](=S)(OC)OC)cc2)cc1,0,0,0.0,0,0.0,0,468,2990,2780.0,8270,0,0,0,0,0,0,1380,181,10200,9950.0,288
289,290,Tepraloxydim,Tepraloxydim,149979-41-9,CCC(=NOCC=CCl)C1=C(CC(CC1=O)C2CCOCC2)O,0,853,5300.0,6500,12200.0,0,0,3320,5440.0,14100,0,0,7060,36200,68800,0,704,1970,5030,9190.0,289
290,291,Terbufos-sulfon,Terbufos-sulfone,56070-16-7,CCO[P](=S)(OCC)SC[S](=O)(=O)C(C)(C)C,375,1210,4540.0,3310,3210.0,201,1260,5610,4990.0,0,0,0,0,0,0,1240,6610,6030,16700,2550.0,290
291,292,Thifensulfuron-Methyl,Thifensulfuron methyl,79277-27-3,COC(=O)c1sccc1[S](=O)(=O)NC(=O)Nc2nc(C)nc(OC)n2,0,0,0.0,0,540.0,0,0,0,0.0,732,0,0,0,0,0,0,0,0,0,0.0,291
292,293,Thiofanox,Thiofanox,39196-18-4,CNC(=O)O\N=C(/CSC)C(C)(C)C,0,0,0.0,0,0.0,0,0,2040,1050.0,11000,0,0,0,0,0,0,0,1210,3770,8300.0,292
293,294,Thiofanox-sulfon,Thiofanox-sulfon,39184-59-3,CNC(=O)O/N=C(/C[S](C)(=O)=O)C(C)(C)C,2010,5900,32800.0,28200,61400.0,0,638,5310,3750.0,6690,0,628,6460,10000,11400,680,3000,9660,11100,2410.0,293
294,295,Thiofanox-sulfoxid,Thiofanox-sulfoxide,39184-27-5,CNC(=O)O\N=C(\C[S](C)=O)C(C)(C)C,451,1770,8960.0,8930,14300.0,0,489,6800,5790.0,23000,0,0,0,0,0,0,1750,5670,13300,13800.0,294
295,296,Thiometon,Thiometon,640-15-3,CCSCCS[P](=S)(OC)OC,0,0,0.0,0,0.0,0,0,406,218.0,1340,0,0,0,0,0,0,0,0,0,0.0,295
296,297,Thionazin,Thionazin,297-97-2,CCO[P](=S)(OCC)Oc1cnccn1,0,0,0.0,0,0.0,0,0,59000,112000.0,163000,0,0,0,0,0,0,16600,0,0,0.0,296
297,298,Tiocarbazil,Tiocarbazil,36756-79-3,CCC(C)N(C(C)CC)C(=O)SCc1ccccc1,0,0,0.0,0,0.0,2490,0,40700,31200.0,69200,0,0,0,0,0,7270,27000,32400,62800,65100.0,297
298,299,Tolfenpyrad,Tolfenpyrad,129558-76-5,CCc1nn(C)c(C(=O)NCc2ccc(Oc3ccc(C)cc3)cc2)c1Cl,0,538,2090.0,1870,4110.0,0,1620,11100,6320.0,36800,0,0,1070,1680,2730,1640,6430,12500,28900,30200.0,298
299,300,Tolylfluanid,Tolylfluanid,731-27-1,CN(C)[S](=O)(=O)N(SC(F)(Cl)Cl)c1ccc(C)cc1,0,0,0.0,0,0.0,0,0,0,0.0,0,0,0,0,0,0,0,0,0,0,0.0,299
300,301,Tralkoxydime,Tralkoxydim,87820-88-0,CCC(=NOCC)C1=C(CC(CC1=O)C2=C(C=C(C=C2C)C)C)O,0,0,0.0,0,76.7,0,1110,12600,13600.0,25900,0,1340,21800,49800,70200,0,2690,8590,8460,18100.0,300
301,302,Transfluthrin,Transfluthrin,118712-89-3,CC1(C)[C@H](C=C(Cl)Cl)[C@H]1C(=O)OCc2c(F)c(F)cc(F)c2F,0,0,0.0,0,0.0,0,0,0,0.0,0,0,0,0,0,0,0,0,0,0,0.0,301
302,303,Triallat,Triallat,2303-17-5,CC(C)N(C(C)C)C(=O)SCC(=C(Cl)Cl)Cl,0,0,0.0,0,0.0,406,0,11900,11000.0,28300,0,0,0,0,0,0,8270,34700,0,0.0,302
303,304,Triasulfuron,Triasulfuron,82097-50-5,COc1nc(C)nc(NC(=O)N[S](=O)(=O)c2ccccc2OCCCl)n1,0,0,0.0,0,1880.0,0,0,0,0.0,1240,0,0,0,0,924,0,0,0,0,0.0,303
304,305,Trichloronat,Trichloronat,327-98-0,CCO[P](=S)(CC)Oc1cc(Cl)c(Cl)cc1Cl,0,0,0.0,0,68.7,0,0,0,0.0,0,0,0,0,0,0,0,0,0,0,0.0,304
305,306,Tridiphan,Tridiphane,58138-08-2,Clc1cc(Cl)cc(c1)C2(CO2)CC(Cl)(Cl)Cl,0,0,0.0,0,0.0,0,0,0,0.0,0,0,0,0,0,0,0,0,0,0,0.0,305
306,307,Trietazin,Trietazine,1912-26-1,CCNc1nc(Cl)nc(n1)N(CC)CC,0,0,0.0,0,0.0,6540,22900,133000,108000.0,248000,0,0,0,0,0,18600,62300,97500,164000,147000.0,306
307,308,Triflusulfuron-Methyl,Upbeet,126535-15-7,COC(=O)c1cccc(C)c1[S](=O)(=O)NC(=O)Nc2nc(OCC(F)(F)F)nc(n2)N(C)C,0,0,0.0,0,196.0,0,0,0,0.0,154,0,0,0,0,859,0,0,0,0,0.0,307
308,309,Trinexapac,Trinexapac,143294-89-7,C1CC1C(=C2C(=O)CC(CC2=O)C(=O)O)O,0,0,498.0,519,2480.0,0,0,0,0.0,0,0,0,0,0,0,0,0,0,0,0.0,308
309,310,Triticonazol,Triticonazole,131983-72-7,CC1(C)CC\C(=C/c2ccc(Cl)cc2)C1(O)Cn3cncn3,1790,6900,60000.0,44800,148000.0,0,1580,13600,9120.0,26600,0,0,0,0,0,0,3100,11400,27800,35100.0,309
310,311,Vamidothion,Vamidothion,2275-23-2,CNC(=O)C(C)SCCS[P](=O)(OC)OC,0,1070,7960.0,7450,19300.0,0,2410,36700,31500.0,143000,0,0,0,0,0,879,5500,18000,55500,81800.0,310
311,312,XMC,XMC,2655-14-3,CNC(=O)Oc1cc(C)cc(C)c1,0,0,89.5,0,0.0,0,0,0,0.0,0,0,0,0,0,0,0,0,0,0,0.0,311
