,index,RS_Targets,RS_targets_fine_names,CAS,SMILES,DBrMe_10_pg/ul_10ul,DBrMe_20_pg/ul_10ul,DBrMe_100_pg/ul_10ul,DBrMe_1_ng/ul_1ul,"DBrMe_2,5_ng/ul_1ul",H2O_10_pg/ul__10ul,H2O_20_pg/ul_10ul,H2O_100_pg/ul_10ul,H2O_1_ng/ul_1ul,"H2O_2,5_ng/ul_1ul",O2_10_pg/ul_10ul,O2_20_pg/ul_10ul,O2_100_pg/ul_10ul,O2_1_ng/ul_1ul,"O2_2,5_ng/ul_1ul",Acetone_10_pg/ul_10ul,Acetone_20_pg/ul_10ul,Acetone_100_pg/ul_10ul,Acetone_1_ng/ul_1ul,"Acetone_2,5_ng/ul_1ul",compound
0,1,"1,4-Dimethylnaphthalene","1,4-Dimethylnaphthalene",571-58-4,Cc1ccc(C)c2ccccc12,0,0.0,0.0,0.0,0.0,0.0,0.0,0,0,0,0,0,0,0,0,0.0,0.0,0,0,0.0,0
1,2,1-Naphthylacetamide,1-Naphthylacetamide,86-86-2,NC(=O)Cc1cccc2ccccc12,0,0.0,0.0,0.0,0.0,1790.0,6330.0,21400,22200,17700,0,0,0,0,0,0.0,6750.0,12100,29700,6460.0,1
2,3,1-Naphthylessigsäure,1-Naphthaleneacetic acid,86-87-3,OC(=O)Cc1cccc2ccccc12,0,0.0,0.0,0.0,0.0,0.0,0.0,0,0,0,0,0,0,4870,6890,0.0,0.0,0,1140,176.0,2
3,4,"2,4,5-T","2,4,5-T",93-76-5,OC(=O)COc1cc(Cl)c(Cl)cc1Cl,0,0.0,566.0,6320.0,17300.0,0.0,0.0,0,0,0,0,0,0,2930,24100,0.0,0.0,0,0,0.0,3
4,5,"2,4-D","2,4-D",94-75-7,OC(=O)COc1ccc(Cl)cc1Cl,0,0.0,0.0,11100.0,32900.0,0.0,0.0,0,0,0,0,0,0,3600,28100,0.0,0.0,0,0,0.0,4
5,6,"2,4-DP (Dichlorprop)","2,4-DP",120-36-5,CC(Oc1ccc(Cl)cc1Cl)C(O)=O,0,0.0,3770.0,17600.0,36400.0,0.0,0.0,0,0,0,0,0,0,12600,37000,0.0,0.0,0,0,0.0,5
6,7,Abamectin (Avermectin B1a/B1b),Abamectin,71751-41-2,CCC(C)C1O[C@@]2(C[C@@H]3CC(C\C=C(C)\[C@@H](O[C@H]4C[C@H](OC)[C@@H](O[C@H]5C[C@H](OC)[C@@H](O)[C@H](C)O5)[C@H](C)O4)[C@@H](C)\C=C\C=C6/COC7[C@H](O)C(C)=CC(C(=O)O3)[C@]67O)O2)C=C[C@@H]1C,0,0.0,0.0,0.0,0.0,0.0,0.0,0,0,0,0,0,0,0,0,0.0,0.0,0,0,0.0,6
7,8,Acephat,Acephate,30560-19-1,COP(=O)(NC(C)=O)SC,0,0.0,1250.0,1250.0,2120.0,0.0,1170.0,7380,9000,9530,2060,5320,49900,122000,189000,0.0,496.0,0,13900,19600.0,7
8,9,Acetamiprid,Acetamiprid,160430-64-8,CN(Cc1ccc(Cl)nc1)C(C)=NC#N,996,5310.0,31700.0,32000.0,31900.0,0.0,7140.0,42800,12500,55000,0,0,2170,4070,5300,554.0,3190.0,10700,70100,77800.0,8
9,10,Acibenzolar-Säure,Acibenzolar acid,35272-27-6,OC(=O)c1cccc2nnsc12,0,0.0,0.0,0.0,0.0,0.0,0.0,0,0,0,0,0,0,0,0,0.0,0.0,0,0,0.0,9
10,11,Acibenzolar-S-Methyl,Acibenzolar-S-methyl,135158-54-2,CSC(=O)c1cccc2nnsc12,0,0.0,0.0,0.0,0.0,0.0,4890.0,15100,0,0,0,0,0,0,0,5660.0,16400.0,34000,60300,75900.0,10
11,12,Aclonifen,Aclonifen,74070-46-5,Nc1c(Cl)c(Oc2ccccc2)ccc1[N+]([O-])=O,0,0.0,0.0,0.0,0.0,0.0,432.0,1080,1100,686,0,0,0,0,0,2320.0,5810.0,4060,3780,0.0,11
12,13,Acrinathrin,Acrinathrin,101007-06-1,CC1(C)[C@@H](\C=C/C(=O)OC(C(F)(F)F)C(F)(F)F)[C@H]1C(=O)O[C@H](C#N)c2cccc(Oc3ccccc3)c2,871,1730.0,5540.0,2370.0,2360.0,0.0,0.0,0,0,0,0,0,2620,3570,2770,0.0,0.0,355,1080,313.0,12
13,14,Alachlor,Alachlor,15972-60-8,CCc1cccc(CC)c1N(COC)C(=O)CCl,0,0.0,0.0,0.0,0.0,0.0,0.0,1640,1950,2100,0,0,0,0,0,165.0,1140.0,0,4410,6330.0,13
14,15,Aldicarb,Aldicarb,116-06-3,CNC(ON=CC(C)(C)SC)=O,0,0.0,0.0,0.0,0.0,0.0,0.0,414,512,693,0,0,0,0,0,0.0,0.0,410,5480,7530.0,14
15,16,Aldicarb-Sulfoxid,Aldicarb-sulfoxide,1646-87-3,CNC(ON=CC(C)(C)S(C)=O)=O,0,718.0,5290.0,4080.0,4860.0,0.0,588.0,4520,5720,7300,0,0,0,0,0,0.0,0.0,759,10200,8280.0,15
16,17,Aldrin,Aldrin,309-00-2,ClC1=C(Cl)C2(Cl)C3C4CC(C=C4)C3C1(Cl)C2(Cl)Cl,0,0.0,0.0,0.0,0.0,0.0,0.0,0,0,0,0,0,0,0,0,0.0,0.0,0,0,0.0,16
17,18,Allethrin,Allethrin,584-79-2,C\C(C)=C/C1C(C(=O)OC2CC(=O)C(CC=C)=C2C)C1(C)C,0,0.0,0.0,0.0,0.0,0.0,0.0,7290,6490,6220,0,0,0,0,0,0.0,5310.0,6590,16700,10000.0,17
18,19,Ametoctradin,Ametoctradin,865318-97-4,CCCCCCCCc1c(CC)nc2cnnn2c1N,0,2800.0,48500.0,47800.0,49600.0,0.0,2350.0,41500,49400,72300,0,2640,44100,118000,193000,0.0,0.0,3480,63200,94600.0,18
19,20,Ametryn,Ametryn,834-12-8,CCNc1nc(NC(C)C)nc(SC)n1,0,0.0,0.0,0.0,0.0,1770.0,11300.0,55500,51100,64300,0,0,0,0,0,4200.0,12800.0,17900,68600,99200.0,19
20,21,Amisulbrom,Amisulbrom,348635-87-0,CN(C)S(=O)(=O)n1cnc(n1)S(=O)(=O)n2c(C)c(Br)c3ccc(F)cc23,0,231.0,361.0,1330.0,1100.0,0.0,0.0,1190,327,1080,0,0,0,0,2490,96.6,1020.0,1600,3580,1180.0,20
21,22,Amitraz,Amitraz,33089-61-1,CN(\C=N\c1ccc(C)cc1C)\C=N\c2ccc(C)cc2C,0,0.0,0.0,0.0,0.0,0.0,0.0,0,0,0,0,0,0,0,0,0.0,0.0,0,0,0.0,21
22,23,Anthrachinon,Anthraquinone,84-65-1,O=C1c2ccccc2C(=O)c3ccccc13,0,0.0,0.0,0.0,0.0,0.0,0.0,0,0,0,0,0,0,0,0,0.0,0.0,0,0,110.0,22
23,24,Atrazin,Atrazine,1912-24-9,CCNc1nc(Cl)nc(NC(C)C)n1,0,0.0,0.0,0.0,0.0,1930.0,10500.0,43200,45900,50600,0,0,0,0,0,4750.0,13300.0,16400,59600,71200.0,23
24,25,"Atrazin, Desethyl-",Atrazine-desethyl,6190-65-4,CC(C)Nc1nc(N)nc(Cl)n1,0,0.0,0.0,0.0,0.0,1750.0,9360.0,29200,29100,28900,0,0,0,0,0,3900.0,12700.0,14200,37500,35600.0,24
25,26,Azadirachtin,Azadirachtin,11141-17-6,[H]C1([H])C2OC3([H])OC=CC3(O)C1C4(C)OC24[C@@]5(C)[C@@H](O)[C@@H]6OC[C@]7([C@H](C[C@H](OC(=O)C(C)=CC)[C@]8(COC(O)([C@H]58)C(=O)OC)[C@@]67[H])OC(C)=O)C(=O)OC,0,0.0,0.0,0.0,0.0,0.0,0.0,0,0,0,0,0,0,0,0,0.0,0.0,0,0,0.0,25
26,27,Azinphos-Methyl,Azinphos-Methyl,86-50-0,COP(=S)(OC)SCN1N=Nc2ccccc2C1=O,0,0.0,0.0,0.0,0.0,269.0,961.0,4780,2390,4150,0,0,0,0,0,749.0,1970.0,3430,9380,1200.0,26
27,28,Azoxystrobin,Azoxystrobin,131860-33-8,CO\C=C(\C(=O)OC)c1ccccc1Oc2cc(Oc3ccccc3C#N)ncn2,0,0.0,1080.0,651.0,338.0,0.0,2760.0,25400,25000,36100,0,0,0,0,0,0.0,258.0,4940,47400,75700.0,27
28,29,BAC C18,Stearyldimethylbenzyl ammonium chloride,122-19-0,CCCCCCCCCCCCCCCCCC[N+](C)(C)CC1=CC=CC=C1.[Cl-],0,0.0,0.0,0.0,0.0,0.0,0.0,0,0,0,0,0,0,0,0,0.0,0.0,0,0,0.0,28
29,30,Benalaxyl,Benalaxyl,71626-11-4,COC(=O)C(C)N(C(=O)Cc1ccccc1)c2c(C)cccc2C,0,0.0,0.0,0.0,0.0,1240.0,6850.0,26600,27400,24900,0,0,0,0,0,2790.0,6040.0,10400,31100,18500.0,29
30,31,Bendiocarb,Bendiocarb,22781-23-3,CNC(=O)Oc1cccc2OC(C)(C)Oc12,0,0.0,0.0,0.0,0.0,315.0,2280.0,11700,13700,15500,0,0,0,0,0,0.0,3440.0,9600,31700,39300.0,30
31,32,Bentazon,Bentazon,25057-89-0,CC(C)N1C(=O)c2ccccc2NS1(=O)=O,0,0.0,704.0,311.0,227.0,0.0,0.0,113,0,788,1190,0,29000,91900,173000,0.0,540.0,1650,7240,11600.0,31
32,33,Benthiavalicarb-Isopropyl,Benthiavalicarb isopropyl,177406-68-7,CC(C)OC(=O)N[C@@H](C(C)C)C(=O)N[C@H](C)c1nc2ccc(F)cc2s1,2020,10800.0,89400.0,76400.0,88400.0,0.0,1350.0,19000,20200,31600,0,717,4280,8700,11400,0.0,0.0,2890,27600,46800.0,32
33,34,Benzyldimethyldecylammonium chlorid (C10),Benzyldimethyldecylammonium chlorid,965-32-2,[Cl-].CCCCCCCCCC[N+](C)(C)Cc1ccccc1,0,0.0,0.0,0.0,0.0,0.0,0.0,0,0,0,0,0,0,0,0,0.0,0.0,0,0,0.0,33
34,35,Benzyldimethyldodecylammonium chlorid (C12),Benzyldimethyldodecylammonium chlorid,139-07-1,[Cl-].CCCCCCCCCCCC[N+](C)(C)Cc1ccccc1,0,0.0,0.0,0.0,0.0,0.0,0.0,0,0,0,0,0,0,0,0,0.0,0.0,0,0,0.0,34
35,36,Benzyldimethylhexadecyl ammonium chlorid (C16),Benzyldimethylhexadecyl ammonium chlorid,122-18-9,[Cl-].CCCCCCCCCCCCCCCC[N+](C)(C)Cc1ccccc1,0,0.0,0.0,0.0,0.0,0.0,0.0,0,0,0,0,0,0,0,0,0.0,0.0,0,0,0.0,35
36,37,Benzyldimethyloctylammonium+,Benzyldimethyloctylammonium,46917-11-7,CCCCCCCC[N+](C)(C)CC1=CC=CC=C1,0,0.0,0.0,0.0,0.0,0.0,0.0,0,0,0,0,0,0,0,0,0.0,0.0,0,0,0.0,36
37,38,Benzyldimethyloctylammoniumchlorid (BAC C8),Benzyldimethyloctylammonium chloride,959-55-7,[Cl-].CCCCCCCC[N+](C)(C)Cc1ccccc1,0,0.0,0.0,0.0,0.0,0.0,0.0,0,0,0,0,0,0,0,0,0.0,0.0,0,0,0.0,37
38,39,Benzyldimethyltetradecylammonium chlorid (C14),Benzyldimethyltetradecylammonium chloride,139-08-2,CCCCCCCCCCCCCC[N+](C)(C)CC1=CC=CC=C1.[Cl-],0,0.0,0.0,0.0,0.0,0.0,0.0,0,0,0,0,0,0,0,0,0.0,0.0,0,0,0.0,38
39,40,Bifenazat,Bifenazate,149877-41-8,COc1ccc(cc1NNC(=O)OC(C)C)-c2ccccc2,0,0.0,0.0,0.0,0.0,0.0,0.0,696,1090,1150,0,0,0,0,0,0.0,0.0,0,0,93.9,39
40,41,Bifenthrin,Bifenthrin,99267-18-2,CC1(C)C(C(OCC2=C(C)C(C3=CC=CC=C3)=CC=C2)=O)C1/C=C(Cl)/C(F)(F)F,0,0.0,362.0,1650.0,0.0,0.0,0.0,0,0,0,0,0,0,0,0,0.0,0.0,0,0,0.0,40
41,42,Biphenyl,Biphenyl,92-52-4,c1ccc(cc1)-c2ccccc2,0,0.0,0.0,0.0,0.0,0.0,0.0,0,0,0,0,0,0,0,0,0.0,0.0,0,0,0.0,41
42,43,Bitertanol,Bitertanol,55179-31-2,CC(C)(C)C(O)C(Oc1ccc(cc1)-c2ccccc2)n3cncn3,0,2140.0,7110.0,7590.0,6090.0,0.0,1410.0,8690,2960,11100,0,0,0,0,0,0.0,0.0,2330,17900,19800.0,42
43,44,Bixafen,Bixafen,581809-46-3,Cn1cc(C(=O)Nc2ccc(F)cc2-c3ccc(Cl)c(Cl)c3)c(n1)C(F)F,6400,35000.0,190000.0,165000.0,174000.0,0.0,855.0,8910,3940,10600,1030,2920,21800,46100,73000,153.0,1610.0,3820,16900,14700.0,43
44,45,Boscalid,Boscalid,188425-85-6,Clc1ccc(cc1)-c2ccccc2NC(=O)c3cccnc3Cl,0,1110.0,4210.0,3610.0,4300.0,0.0,1510.0,6010,2640,6330,834,2080,13500,22200,23900,1140.0,2900.0,3740,10500,6150.0,44
45,46,Bromophos-ethyl,Bromophos-ethyl,4824-78-6,CCOP(=S)(OCC)Oc1cc(Cl)c(Br)cc1Cl,0,0.0,0.0,0.0,0.0,0.0,0.0,0,0,0,0,0,0,0,0,0.0,0.0,0,0,0.0,45
46,47,Bromoxynil,Bromoxynil,1689-84-5,Oc1c(Br)cc(cc1Br)C#N,0,0.0,0.0,0.0,0.0,0.0,0.0,0,0,0,1700,3620,26000,63900,112000,0.0,0.0,0,0,0.0,46
47,48,Bromoxynil-Heptanoat,Bromoxynil heptanoate,56634-95-8,CCCCCCC(=O)OC1=C(C=C(C=C1Br)C#N)Br,0,0.0,0.0,0.0,0.0,0.0,0.0,0,0,0,0,0,0,0,0,0.0,0.0,0,0,0.0,47
48,49,Bromoxynil-methyl ether,Bromoxynil-methyl ether,3336-39-8,COC1=C(C=C(C=C1Br)C#N)Br,0,0.0,0.0,0.0,0.0,0.0,0.0,0,0,0,0,0,0,0,0,0.0,0.0,0,0,0.0,48
49,50,Bromoxynil-Octanoat,Bromoxynil Octanoate,1689-99-2,CCCCCCCC(=O)OC1=C(C=C(C=C1Br)C#N)Br,0,0.0,0.0,0.0,0.0,0.0,0.0,0,0,0,0,0,0,0,0,0.0,0.0,0,0,0.0,49
50,51,Brompropylat,Brompropylat,18181-80-1,CC(C)OC(=O)C(O)(c1ccc(Br)cc1)c2ccc(Br)cc2,0,0.0,0.0,105.0,0.0,0.0,0.0,0,0,0,0,0,0,274,1820,0.0,0.0,0,0,0.0,50
51,52,Bupirimat,Bupirimate,41483-43-6,CCCCc1c(C)nc(NCC)nc1OS(=O)(=O)N(C)C,0,0.0,359.0,116.0,293.0,1540.0,8220.0,39400,34500,42000,0,0,0,0,0,3900.0,9140.0,13900,42300,41200.0,51
52,53,Buprofezin,Buprofezin,69327-76-0,CC(C)N1C(=O)N(CS\C1=N\C(C)(C)C)c2ccccc2,0,0.0,0.0,0.0,0.0,1320.0,7890.0,46000,43500,55400,0,0,0,0,0,3700.0,10700.0,14000,60700,99500.0,52
53,54,Buturon,Buturon,3766-60-7,CC(C#C)N(C)C(=O)Nc1ccc(Cl)cc1,1120,3330.0,22300.0,14200.0,17100.0,925.0,5190.0,22700,22500,18500,1070,2910,20300,35700,34000,2470.0,7320.0,12100,27700,15600.0,53
54,55,Carbaryl,Carbaryl,63-25-2,CNC(=O)Oc1cccc2ccccc12,0,0.0,0.0,0.0,0.0,0.0,0.0,163,0,695,0,0,0,0,0,0.0,0.0,5080,40600,37800.0,54
55,56,Carbendazim,Carbendazim,10605-21-7,COC(=O)Nc1nc2ccccc2[nH]1,0,0.0,107.0,75.9,0.0,316.0,5050.0,46300,49200,59500,0,0,2210,7860,14800,493.0,0.0,11500,60000,30300.0,55
56,57,Carbofuran,Carbofuran,1563-66-2,CNC(=O)Oc1cccc2CC(C)(C)Oc12,0,0.0,0.0,0.0,0.0,0.0,8230.0,28300,32100,37200,0,0,0,0,0,0.0,5930.0,14000,47300,52600.0,56
57,58,"Carbofuran, 3-Hydroxy-",Carbofuran-3-hydroxy,16655-82-6,CNC(=O)Oc1cccc2C(O)C(C)(C)Oc12,517,1950.0,8070.0,4160.0,5420.0,0.0,646.0,2050,1040,2370,0,0,0,0,0,0.0,351.0,1270,3400,1300.0,57
58,59,Carboxin,Carboxine,5234-68-4,CC1=C(SCCO1)C(=O)Nc2ccccc2,0,0.0,0.0,0.0,0.0,0.0,0.0,0,0,0,0,0,0,0,0,0.0,856.0,945,2980,1580.0,58
59,60,Carboxin-Sulfoxid,Carboxin Sulfoxide,17757-70-9,CC1=C(S(=O)CCO1)C(=O)NC2=CC=CC=C2,0,1370.0,3380.0,2900.0,2780.0,0.0,1250.0,10500,3870,12800,0,915,7020,12900,10800,0.0,1110.0,4040,21200,14600.0,59
60,61,"Chlordan, cis-",cis-Chlordane,5103-71-9,C1[C@H]2[C@@H]([C@H]([C@H]1Cl)Cl)[C@]3(C(=C([C@@]2(C3(Cl)Cl)Cl)Cl)Cl)Cl,0,542.0,1520.0,1810.0,1750.0,0.0,0.0,0,0,0,0,0,0,0,0,0.0,0.0,0,0,0.0,60
61,62,"Chlordan, trans-",trans-Chlordane,5103-74-2,C1[C@H]2[C@@H]([C@H]([C@@H]1Cl)Cl)[C@]3(C(=C([C@@]2(C3(Cl)Cl)Cl)Cl)Cl)Cl,0,542.0,1520.0,1810.0,1750.0,0.0,0.0,0,0,0,0,0,0,0,0,0.0,0.0,0,0,0.0,61
62,63,Chlorfenapyr,Chlorfenapyr,122453-73-0,CCOCn1c(-c2ccc(Cl)cc2)c(C#N)c(Br)c1C(F)(F)F,393,686.0,2020.0,967.0,1600.0,0.0,0.0,0,0,0,0,0,0,0,0,434.0,1330.0,859,804,0.0,62
63,64,Chlorfenvinphos,Chlorfenvinphos,470-90-6,CCOP(=O)(OCC)O\C(=C\Cl)c1ccc(Cl)cc1Cl,0,0.0,0.0,0.0,0.0,0.0,828.0,1930,1890,1360,0,0,0,0,0,162.0,1100.0,1970,2930,0.0,63
64,65,"Chloridazon, Desphenyl-",CHLORIDAZON-DESPHENYL,6339-19-1,C1=NNC(=O)C(=C1N)Cl,0,1080.0,6450.0,4710.0,6140.0,0.0,3400.0,19400,22400,25700,0,172,20600,68400,32100,220.0,1310.0,6030,34500,36700.0,64
65,66,Chlorpropham,Chlorpropham,101-21-3,CC(C)OC(=O)Nc1cccc(Cl)c1,0,0.0,0.0,0.0,0.0,0.0,0.0,0,0,0,0,0,0,2760,5360,572.0,2800.0,5210,12900,0.0,65
66,67,Chlorpropylate,Chloropropylate,02/10/5836,CC(C)OC(=O)C(C1=CC=C(C=C1)Cl)(C2=CC=C(C=C2)Cl)O,0,0.0,0.0,0.0,0.0,0.0,0.0,0,0,0,0,0,0,0,0,0.0,0.0,0,0,0.0,66
67,68,Chlorpyrifos,Chlorpyrifos,2921-88-2,CCOP(=S)(OCC)Oc1nc(Cl)c(Cl)cc1Cl,0,0.0,0.0,0.0,0.0,0.0,1490.0,2740,3890,0,0,0,0,0,0,438.0,0.0,0,13700,14800.0,67
68,69,Chlorpyrifos-Methyl,Chlorpyrifos-Methyl,5598-13-0,COP(=S)(OC)Oc1nc(Cl)c(Cl)cc1Cl,0,0.0,0.0,0.0,0.0,0.0,802.0,2390,3350,0,0,0,0,0,0,0.0,0.0,0,16000,0.0,68
69,70,Chlorthal-Dimethyl,Chlorthal-Dimethyl,1861-32-1,COC(=O)c1c(Cl)c(Cl)c(c(Cl)c1Cl)C(=O)OC,0,0.0,0.0,0.0,0.0,0.0,0.0,339,0,269,0,0,0,0,0,488.0,2410.0,2110,3060,0.0,69
70,71,Chlorthalonil,Chlorthalonil,1897-45-6,Clc1c(Cl)c(C#N)c(Cl)c(C#N)c1Cl,0,0.0,0.0,0.0,0.0,0.0,0.0,0,0,0,0,0,0,0,0,0.0,0.0,0,0,0.0,70
71,72,Chlozolinat,Chlozolinate,84332-86-5,CCOC(=O)C1(C)OC(=O)N(C1=O)c2cc(Cl)cc(Cl)c2,0,0.0,0.0,0.0,0.0,0.0,0.0,0,0,0,0,0,0,0,0,0.0,217.0,254,409,0.0,71
72,73,CinerinI II,Cinerin II,121-20-0,CC=CCC1=C(C(CC1=O)OC(=O)C2C(C2(C)C)C=C(C)C)C.CC=CCC1=C(C(CC1=O)OC(=O)C2C(C2(C)C)C=C(C)C(=O)OC)C,0,0.0,158.0,0.0,0.0,0.0,0.0,0,0,0,0,0,0,0,0,0.0,0.0,0,0,0.0,72
73,74,"cis-1,2,3,6-Tetrahydrophthalimide","cis-1,2,3,6-Tetrahydrophthalimide",1469-48-3,[H][C@]12CC=CC[C@@]1([H])C(=O)NC2=O,0,0.0,0.0,0.0,0.0,0.0,0.0,0,0,0,0,0,280,1570,2350,0.0,0.0,0,0,0.0,73
74,75,Clethodim,Clethodim,99129-21-2,CCC(=NOCC=CCl)C1=C(CC(CC1=O)CC(C)SCC)O,0,110.0,183.0,548.0,846.0,0.0,600.0,4070,3530,9310,0,0,5230,19000,30500,0.0,0.0,892,7820,2240.0,74
75,76,Clethodim sulfon,Clethodim sulfone,111031-17-5,CCC(=NOCC=CCl)C1=C(CC(CC1=O)CC(C)S(=O)(=O)CC)O,0,0.0,9210.0,11800.0,22700.0,0.0,0.0,574,756,3650,0,0,0,2380,6850,0.0,0.0,0,1670,4890.0,75
76,77,Clethodim sulfoxid,Clethodim sulfoxide,111031-14-2,CCC(=NOCC=CCl)C1=C(CC(CC1=O)CC(C)S(=O)CC)O,0,0.0,4530.0,5470.0,11400.0,0.0,0.0,432,386,3070,0,0,0,1560,4090,0.0,0.0,0,1160,2900.0,76
77,78,Clofentezin,Clofentezin,74115-24-5,C1=CC=C(C(=C1)C2=NN=C(N=N2)C3=CC=CC=C3Cl)Cl,0,0.0,0.0,0.0,0.0,395.0,1620.0,3710,2340,3000,0,0,0,0,0,2230.0,5280.0,5130,7190,2700.0,77
78,79,Clomazon,Clomazon,81777-89-1,CC1(CON(C1=O)CC2=CC=CC=C2Cl)C,0,0.0,1210.0,114.0,1190.0,0.0,7200.0,32300,40000,48000,0,0,439,655,459,5200.0,15400.0,37500,73600,115000.0,78
79,80,Clopyralid,Clopyralid,1702-17-6,OC(=O)c1nc(Cl)ccc1Cl,0,0.0,0.0,0.0,0.0,0.0,0.0,0,462,2360,0,0,0,6810,40000,0.0,0.0,180,7610,12200.0,79
80,81,Clothianidin,Clothianidin,210880-92-5,CN=C(NCc1sc(Cl)nc1)N[N+]([O-])=O,1200,12000.0,168000.0,193000.0,208000.0,0.0,892.0,12700,17000,27400,0,1410,19100,73300,156000,0.0,0.0,3620,50400,79700.0,80
81,82,Coumaphos,Coumaphos,56-72-4,CCO[P](=S)(OCC)Oc1ccc2C(=C(Cl)C(=O)Oc2c1)C,0,0.0,0.0,0.0,0.0,270.0,1500.0,6530,3210,7940,0,0,0,0,0,853.0,2720.0,4800,13000,4300.0,81
82,83,Cyantraniliprol,Cyantraniliprole,736994-63-1,CC1=CC(=CC(=C1NC(=O)C2=CC(=NN2C3=C(C=CC=N3)Cl)Br)C(=O)NC)C#N,0,0.0,1230.0,4020.0,2040.0,0.0,0.0,0,0,0,0,0,3420,8280,12900,0.0,0.0,0,1060,1750.0,82
83,84,Cyazofamid,Cyazofamid,120116-88-3,CN(C)[S](=O)(=O)n1c(nc(Cl)c1c2ccc(C)cc2)C#N,0,0.0,900.0,277.0,125.0,0.0,844.0,1730,1060,968,0,0,0,0,0,549.0,1300.0,2400,3080,259.0,83
84,85,Cyflufenamid,Cyflufenamid,180409-60-3,C1CC1CON=C(C2=C(C=CC(=C2F)F)C(F)(F)F)NC(=O)CC3=CC=CC=C3,0,420.0,542.0,323.0,506.0,745.0,4010.0,7700,7780,7220,0,705,3100,3210,2390,2930.0,7400.0,9810,12300,2930.0,84
85,86,Cyflumetofen,Cyflumetofen,400882-07-7,CC(C)(C)C1=CC=C(C=C1)C(C#N)(C(=O)C2=CC=CC=C2C(F)(F)F)C(=O)OCCOC,0,258.0,3620.0,1850.0,2010.0,0.0,0.0,430,259,646,0,0,0,0,0,0.0,0.0,846,2670,353.0,85
86,87,Cyfluthrin,Cyfluthrin,68359-37-5,CC1(C)C(C=C(Cl)Cl)C1C(=O)OC(C#N)c2ccc(F)c(Oc3ccccc3)c2,733,2040.0,5460.0,3440.0,4520.0,0.0,0.0,0,0,0,0,0,778,1050,814,0.0,0.0,602,1110,386.0,86
87,88,"Cyhalothrin, lambda-",lambda-Cyhalothrin,91465-08-6,CC1(C)[C@@H](\C=C(/Cl)C(F)(F)F)[C@H]1C(=O)OC(C#N)c2cccc(Oc3ccccc3)c2,718,1190.0,2840.0,1460.0,927.0,0.0,0.0,398,0,434,0,0,575,849,215,0.0,707.0,1640,2080,233.0,87
88,89,Cymoxanil,Cymoxanil,57966-95-7,CCNC(=O)NC(=O)\C(=N\OC)C#N,0,1270.0,12400.0,14300.0,15800.0,0.0,0.0,1380,2090,2670,0,1280,10700,26700,41700,94.5,1950.0,4490,13200,14400.0,88
89,90,Cypermethrin,Cypermethrin,52315-07-8,CC1(C)C(C=C(Cl)Cl)C1C(=O)OC(C#N)c2cccc(Oc3ccccc3)c2,0,0.0,205.0,147.0,283.0,0.0,0.0,0,0,427,0,0,0,0,0,0.0,0.0,953,1710,679.0,89
90,91,Cyproconazol,Cyproconazol,94361-06-5,CC(C1CC1)C(CN2C=NC=N2)(C3=CC=C(C=C3)Cl)O,2940,13200.0,78800.0,55900.0,67200.0,1180.0,7630.0,31600,31800,30200,0,0,0,613,0,1200.0,3120.0,11600,42000,10300.0,90
91,92,Cyprodinil,Cyprodinil,121552-61-2,Cc1cc(nc(Nc2ccccc2)n1)C3CC3,0,0.0,0.0,0.0,0.0,1850.0,11500.0,58200,53900,67500,0,0,0,0,0,6120.0,16000.0,20500,73200,111000.0,91
92,93,Cyromazin,Cyromazin,66215-27-8,Nc1nc(N)nc(NC2CC2)n1,0,0.0,0.0,0.0,0.0,1070.0,8410.0,38700,37700,45400,0,0,0,0,0,586.0,3270.0,9610,44600,58600.0,92
93,94,Daminozide,Daminozide,1596-84-5,CN(C)NC(=O)CCC(O)=O,0,0.0,0.0,1650.0,2250.0,0.0,0.0,0,0,13000,0,0,0,2890,24400,0.0,0.0,0,1940,13600.0,93
94,95,DDAC,Didecyldimethylammonium chloride,7173-51-5,[Cl-].CCCCCCCCCC[N+](C)(C)CCCCCCCCCC,0,0.0,0.0,0.0,0.0,0.0,0.0,0,0,0,0,0,0,0,0,0.0,0.0,0,0,0.0,94
95,96,"DDD, o,p'- (DDD, 2,4')",Mitotane,53-19-0,ClC(Cl)C(c1ccc(Cl)cc1)c2ccccc2Cl,0,0.0,155.0,0.0,288.0,0.0,0.0,0,0,0,0,0,0,0,0,0.0,0.0,0,0,0.0,95
96,97,"DDD, p,p'- (DDD, 4,4')","p,p'-DDD",72-54-8,ClC(Cl)C(c1ccc(Cl)cc1)c2ccc(Cl)cc2,0,0.0,155.0,0.0,288.0,0.0,0.0,0,0,0,0,0,0,0,0,0.0,0.0,0,0,0.0,96
97,98,"DDE, o,p'- (DDE, 2,4')","o,p'-DDE",3424-82-6,Clc1ccc(cc1)C(=C(Cl)Cl)c2ccccc2Cl,0,0.0,0.0,0.0,0.0,0.0,0.0,0,0,0,0,0,0,0,0,0.0,0.0,0,0,0.0,97
98,99,"DDE, p,p'- (DDE, 4,4')","p,p'-DDE",72-55-9,Clc1ccc(cc1)C(=C(Cl)Cl)c2ccc(Cl)cc2,0,0.0,0.0,0.0,0.0,0.0,0.0,0,0,0,0,0,0,0,0,0.0,0.0,0,0,0.0,98
99,100,Deltamethrin,Deltamethrin,52918-63-5,CC1(C)[C@@H](C=C(Br)Br)[C@H]1C(=O)O[C@H](C#N)c2cccc(Oc3ccccc3)c2,0,0.0,0.0,0.0,0.0,0.0,0.0,0,0,0,0,0,0,0,0,0.0,0.0,608,1300,620.0,99
100,101,Denatoniumbenzoat,Denatoniumbenzoat,3734-33-6,CC[N+](CC)(CC1=CC=CC=C1)CC(=O)NC2=C(C=CC=C2C)C.C1=CC=C(C=C1)C(=O)[O-],0,0.0,0.0,0.0,0.0,0.0,0.0,0,0,0,0,0,0,0,0,0.0,0.0,0,0,0.0,100
101,102,Desmedipham,Desmedipham,13684-56-5,CCOC(=O)Nc1cccc(OC(=O)Nc2ccccc2)c1,0,0.0,0.0,344.0,117.0,0.0,0.0,0,734,887,0,0,0,0,0,0.0,0.0,393,4420,3050.0,101
102,103,Diafenthiuron,Diafenthiuron,80060-09-9,CC(C)c1cc(Oc2ccccc2)cc(C(C)C)c1NC(=S)NC(C)(C)C,0,0.0,15700.0,14300.0,16500.0,0.0,0.0,3850,1350,6700,0,0,0,645,1170,0.0,0.0,0,525,5030.0,102
103,104,Diazinon,Diazinon,333-41-5,CCO[P](=S)(OCC)Oc1cc(C)nc(n1)C(C)C,0,0.0,158.0,0.0,151.0,0.0,9350.0,61400,57600,83800,0,0,0,0,0,0.0,9510.0,0,94400,150000.0,103
104,105,Dichlofluanid,Dichlofluanid,1085-98-9,CN(C)[S](=O)(=O)N(SC(F)(Cl)Cl)c1ccccc1,0,0.0,0.0,0.0,0.0,0.0,0.0,769,1290,0,0,0,0,0,0,0.0,0.0,0,5810,0.0,104
105,106,Dichlorvos,Dichlorvos,62-73-7,CO[P](=O)(OC)OC=C(Cl)Cl,0,0.0,0.0,0.0,0.0,4290.0,8330.0,28200,116000,116000,0,0,0,0,0,6450.0,33600.0,112000,277000,256000.0,105
106,107,Diclofop-Methyl,Diclofop methyl,51338-27-3,COC(=O)C(C)Oc1ccc(Oc2ccc(Cl)cc2Cl)cc1,0,0.0,0.0,82.8,97.8,0.0,0.0,0,0,0,0,0,0,0,0,163.0,1260.0,1220,1170,0.0,106
107,108,Dicloran,Dicloran,99-30-9,Nc1c(Cl)cc(cc1Cl)[N+]([O-])=O,0,0.0,0.0,447.0,457.0,0.0,0.0,0,0,0,2090,5660,23200,42400,53000,0.0,0.0,0,0,0.0,107
108,109,Dicofol,Dicofol,115-32-2,OC(c1ccc(Cl)cc1)(c2ccc(Cl)cc2)C(Cl)(Cl)Cl,0,0.0,141.0,270.0,125.0,0.0,0.0,0,0,0,0,0,0,0,0,0.0,0.0,0,0,0.0,108
109,110,Didodecyldimethylammoniumbromid (DDAC-C12),Didodecyldimethylammoniumbromid,3282-73-3,[Br-].CCCCCCCCCCCC[N+](C)(C)CCCCCCCCCCCC,0,0.0,0.0,0.0,0.0,0.0,0.0,0,0,0,0,0,0,0,0,0.0,0.0,0,0,0.0,109
110,111,Dieldrin,Dieldrin,60-57-1,C1[C@@H]2[C@H]3[C@@H]([C@H]1[C@H]4[C@@H]2O4)[C@]5(C(=C([C@@]3(C5(Cl)Cl)Cl)Cl)Cl)Cl,0,0.0,0.0,0.0,0.0,0.0,0.0,0,0,0,0,0,0,0,0,0.0,0.0,0,0,0.0,110
111,112,Diethofencarb,Diethofencarb,87130-20-9,CCOc1ccc(NC(=O)OC(C)C)cc1OCC,0,0.0,0.0,0.0,0.0,328.0,1520.0,4450,4390,3580,0,0,0,0,0,166.0,2540.0,4050,7960,3210.0,111
112,113,Diethyltoluolamid (DEET),DEET,134-62-3,CCN(CC)C(=O)c1cccc(C)c1,0,0.0,0.0,0.0,0.0,3590.0,22700.0,123000,0,145000,0,0,0,0,0,0.0,27000.0,0,164000,269000.0,112
113,114,Difenoconazol,Difenoconazol,119446-68-3,CC1COC(Cn2cncn2)(O1)c3ccc(Oc4ccc(Cl)cc4)cc3Cl,0,0.0,59.3,131.0,241.0,91.8,2010.0,9710,3010,11200,0,0,0,0,0,0.0,0.0,3550,20400,22600.0,113
114,115,Diflubenzuron,Diflubenzuron,35367-38-5,Fc1cccc(F)c1C(=O)NC(=O)Nc2ccc(Cl)cc2,1230,6130.0,60300.0,56400.0,65400.0,92.2,1690.0,6910,3680,9610,1390,3820,36700,74300,110000,864.0,2040.0,4850,18900,6920.0,114
115,116,Diflufenican,Diflufenican,83164-33-4,Fc1ccc(NC(=O)c2cccnc2Oc3cccc(c3)C(F)(F)F)c(F)c1,1260,4800.0,14800.0,8350.0,7550.0,246.0,1300.0,1490,1410,2000,1080,3090,15900,20800,12900,1090.0,3930.0,4800,4500,813.0,115
116,117,Dimethenamid,Dimethenamid,87674-68-8,COCC(C)N(C(=O)CCl)c1c(C)scc1C,0,0.0,0.0,0.0,0.0,948.0,7500.0,37300,42400,48900,0,0,0,0,0,0.0,13300.0,25700,68000,97500.0,116
117,118,Dimethoat,Dimethoate,60-51-5,CNC(=O)CS[P](=S)(OC)OC,539,1940.0,13100.0,11700.0,13500.0,1100.0,6510.0,28700,28100,30000,0,0,1190,2780,2840,3110.0,9580.0,17200,51600,49300.0,117
118,119,Dimethomorph,Dimethomorph,110488-70-5,COc1ccc(cc1OC)C(=C\C(=O)N2CCOCC2)/c3ccc(Cl)cc3,0,0.0,1570.0,1710.0,1390.0,0.0,473.0,11600,2700,17800,0,0,0,0,0,0.0,90.5,2830,22600,30500.0,118
119,120,Dimethyldioctylammoniumbromid (DDAC-C8),Dimethyldioctylammoniumbromid,3026-69-5,CCCCCCCC[N+](C)(C)CCCCCCCC.[Br-],0,0.0,0.0,0.0,0.0,0.0,0.0,0,0,0,0,0,0,0,0,0.0,0.0,0,0,0.0,119
120,121,Dimoxystrobin,Dimoxystrobin,149961-52-4,CNC(=O)C(=N/OC)\c1ccccc1COc2cc(C)ccc2C,0,0.0,56.2,234.0,80.7,866.0,5970.0,26700,26400,30000,0,0,0,0,0,3020.0,6740.0,11100,35200,15700.0,120
121,122,Diniconazol,Diniconazol,83657-24-3,CC(C)(C)C(C(=CC1=C(C=C(C=C1)Cl)Cl)N2C=NC=N2)O,1150,5300.0,45800.0,30400.0,40800.0,0.0,1180.0,4620,5560,4140,0,0,0,0,0,0.0,245.0,2460,7970,0.0,121
122,123,Dinotefuran,Dinotefuran,165252-70-0,CN=C(NCC1CCOC1)N[N+](=O)O,5550,44300.0,366000.0,362000.0,395000.0,470.0,6310.0,45500,17500,66500,2410,7130,60400,132000,40400,896.0,0.0,11600,93600,97100.0,122
123,124,Diphenylamine,Diphenylamine,122-39-4,N(c1ccccc1)c2ccccc2,0,0.0,0.0,0.0,0.0,0.0,13100.0,45500,0,0,0,0,0,0,0,0.0,22700.0,0,0,127000.0,123
124,125,Dithianon,Dithianon,3347-22-6,O=C1C2=C(SC(=C(S2)C#N)C#N)C(=O)c3ccccc13,0,0.0,174.0,3500.0,2160.0,0.0,0.0,0,0,0,0,0,0,0,0,0.0,0.0,0,0,0.0,124
125,126,Diuron,Diuron,330-54-1,CN(C)C(=O)Nc1ccc(Cl)c(Cl)c1,1450,6250.0,35100.0,22600.0,27400.0,858.0,4070.0,14700,8860,13600,2280,7020,37800,67400,65600,3280.0,7580.0,9700,22300,8560.0,125
126,127,DMST,DMST,66840-71-9,CN(C)[S](=O)(=O)Nc1ccc(C)cc1,0,489.0,1410.0,1140.0,1210.0,1030.0,5920.0,15900,13500,10000,1290,3570,20300,33900,36200,4760.0,12500.0,16800,35300,18300.0,126
127,128,Dodecylguanidine,Dodecylguanidine,112-65-2,CCCCCCCCCCCCNC(N)=N,0,0.0,0.0,0.0,0.0,0.0,0.0,0,1170,2980,0,0,0,0,0,0.0,0.0,0,0,230.0,127
128,129,Dodin,Dodin,03/10/2439,CCCCCCCCCCCCN=C(N)N.CC(O)=O,0,0.0,0.0,0.0,0.0,0.0,0.0,0,0,0,0,0,0,0,0,0.0,0.0,0,0,0.0,128
129,130,Emamectin (B1a/B1b),Emamectin,119791-41-2,CCC(C)C1C(C=CC2(O1)CC3CC(O2)CC=C(C(C(C=CC=C4COC5C4(C(C=C(C5O)C)C(=O)O3)O)C)OC6CC(C(C(O6)C)OC7CC(C(C(O7)C)NC)OC)OC)C)C,0,0.0,0.0,0.0,0.0,0.0,0.0,0,0,0,0,0,0,0,0,0.0,0.0,0,0,0.0,129
130,131,"Endosulfan, alpha-",alpha-Endosulfan,959-98-8,ClC1=C(Cl)C2(Cl)C3CO[S](=O)OCC3C1(Cl)C2(Cl)Cl,0,1210.0,3120.0,2230.0,1680.0,0.0,0.0,0,0,0,0,0,0,0,0,0.0,0.0,0,0,0.0,130
131,132,"Endosulfan, beta-",beta-Endosulfan,33213-65-9,ClC1=C(Cl)C2(Cl)[C@@H]3CO[S](=O)OC[C@@H]3C1(Cl)C2(Cl)Cl,0,1210.0,3120.0,2230.0,1680.0,0.0,0.0,0,0,0,0,0,0,0,0,0.0,0.0,0,0,0.0,131
132,133,Endosulfansulfat,Endosulfansulfat,1031-07-8,C1C2C(COS(=O)(=O)O1)C3(C(=C(C2(C3(Cl)Cl)Cl)Cl)Cl)Cl,0,0.0,0.0,0.0,0.0,0.0,0.0,0,0,0,0,0,0,0,0,0.0,0.0,0,0,0.0,132
133,134,Endrin,Endrin,72-20-8,[H][C@]12O[C@@]1([H])[C@@]1([H])C[C@]2([H])[C@]2([H])[C@@]1([H])[C@]1(Cl)C(Cl)=C(Cl)[C@@]2(Cl)C1(Cl)Cl,0,0.0,0.0,0.0,0.0,0.0,0.0,0,0,0,0,0,0,0,0,0.0,0.0,0,0,0.0,133
134,135,Epoxiconazol,Epoxiconazol,133855-98-8,Fc1ccc(cc1)[C@@]2(Cn3cncn3)O[C@@H]2c4ccccc4Cl,0,293.0,177.0,289.0,235.0,361.0,2510.0,12700,7820,10400,0,0,0,0,0,175.0,2900.0,6730,17400,2450.0,134
135,136,Esfenvalerat,Esfenvalerate,66230-04-4,CC(C)[C@@H](C(=O)O[C@@H](C#N)c1cccc(Oc2ccccc2)c1)c3ccc(Cl)cc3,0,0.0,0.0,0.0,0.0,0.0,0.0,0,0,0,0,0,0,0,0,0.0,0.0,1060,2060,1020.0,135
136,137,Ethion,Ethion,563-12-2,CCO[P](=S)(OCC)SCS[P](=S)(OCC)OCC,0,0.0,0.0,0.0,0.0,481.0,2400.0,5530,4600,4110,0,0,0,0,0,1420.0,4050.0,5970,9280,2530.0,136
137,138,Ethirimol,Ethirimol,245-949-3,CCCCC1=C(C)NC(=NC1=O)NCC,860,4330.0,49100.0,46900.0,55300.0,0.0,4660.0,33200,40500,54900,0,1510,16900,41300,52600,0.0,0.0,2450,42000,34700.0,137
138,139,Ethofumesat,Ethofumesate,26225-79-6,CCOC1Oc2ccc(O[S](C)(=O)=O)cc2C1(C)C,0,0.0,0.0,0.0,0.0,0.0,775.0,1010,1520,0,0,0,0,0,0,2550.0,6010.0,5310,6240,0.0,138
139,140,"Ethofumesat, 2-keto",Ethofumesate-2-keto,26244-33-7,CC1(C)C(=O)Oc2ccc(O[S](C)(=O)=O)cc12,1580,6020.0,26400.0,21500.0,24600.0,0.0,0.0,0,0,0,0,0,0,0,0,0.0,0.0,0,0,0.0,139
140,141,Ethoprophos,Ethoprophos,13194-48-4,CCCS[P](=O)(OCC)SCCC,0,0.0,132.0,0.0,60.0,2430.0,8610.0,53000,68900,78900,0,0,0,0,0,0.0,0.0,0,0,169000.0,140
141,142,Ethoxyquin,Ethoxyquin,91-53-2,CCOc1ccc2NC(C)(C)C=C(C)c2c1,0,0.0,0.0,0.0,0.0,158.0,4300.0,35400,29100,49700,0,0,0,0,0,144.0,0.0,0,0,99600.0,141
142,143,Etofenprox,Etofenprox,80844-07-1,CCOc1ccc(cc1)C(C)(C)COCc2cccc(Oc3ccccc3)c2,0,0.0,0.0,0.0,0.0,0.0,0.0,0,0,0,0,0,0,0,0,0.0,0.0,0,0,0.0,142
143,144,Etoxazol,Etoxazole,153233-91-1,CCOc1cc(ccc1C2COC(=N2)c3c(F)cccc3F)C(C)(C)C,0,0.0,0.0,0.0,86.5,427.0,570.0,4110,1090,1640,0,0,0,0,0,379.0,2840.0,2160,2820,3840.0,143
144,145,Etridiazol,Etridiazole,2593-15-9,CCOc1snc(n1)C(Cl)(Cl)Cl,0,0.0,0.0,0.0,0.0,0.0,0.0,0,704,1290,0,0,0,0,0,0.0,3190.0,7030,14800,14300.0,144
145,146,Etrimfos,Etrimfos,38260-54-7,CCOc1cc(O[P](=S)(OC)OC)nc(CC)n1,0,0.0,0.0,0.0,0.0,852.0,4750.0,34500,37400,48700,0,0,0,0,0,0.0,5130.0,0,59800,97400.0,145
146,147,Famoxadon,Famoxadon,131807-57-3,CC1(OC(=O)N(Nc2ccccc2)C1=O)c3ccc(Oc4ccccc4)cc3,0,0.0,646.0,985.0,741.0,0.0,0.0,0,0,0,0,0,2690,3490,6830,0.0,0.0,0,0,0.0,146
147,148,Fenamidon,Fenamidon,161326-34-7,CC1(C(=O)N(C(=N1)SC)NC2=CC=CC=C2)C3=CC=CC=C3,0,0.0,0.0,0.0,0.0,0.0,3660.0,23300,17500,24600,0,0,0,0,0,1460.0,4250.0,7230,28400,12500.0,147
148,149,Fenamiphos,Fenamiphos,22224-92-6,CCO[P](=O)(NC(C)C)Oc1ccc(SC)c(C)c1,0,0.0,148.0,93.9,259.0,551.0,3580.0,12900,11600,12700,0,0,0,0,0,468.0,1700.0,4990,16000,6980.0,148
149,150,Fenamiphos-Sulfon,Fenamiphos-Sulfone,31972-44-8,CCO[P](=O)(NC(C)C)Oc1ccc(c(C)c1)[S](C)(=O)=O,1280,6870.0,86400.0,82400.0,93600.0,0.0,1020.0,13400,9300,23300,0,0,3970,7460,9240,0.0,512.0,3360,36600,21300.0,149
150,151,Fenamiphos-Sulfoxid,Fenamiphos-Sulfoxide,31972-43-7,CCO[P](=O)(NC(C)C)Oc1ccc(c(C)c1)[S](C)=O,0,1030.0,14900.0,13400.0,16200.0,0.0,1630.0,13000,18600,25500,0,0,0,1880,2060,0.0,0.0,1550,29400,31700.0,150
151,152,Fenarimol,Fenarimol,60168-88-9,OC(c1ccc(Cl)cc1)(c2cncnc2)c3ccccc3Cl,0,0.0,987.0,552.0,654.0,0.0,1280.0,4020,3620,5520,0,0,1110,1380,647,707.0,0.0,3720,7100,2590.0,151
152,153,Fenazaquin,Fenazaquin,120928-09-8,CC(C)(C)c1ccc(CCOc2ncnc3ccccc23)cc1,0,0.0,0.0,0.0,0.0,432.0,6040.0,26600,20300,26300,0,0,0,0,0,2780.0,7480.0,10500,30700,11900.0,152
153,154,Fenbuconazol,Fenbuconazol,114369-43-6,Clc1ccc(CCC(Cn2cncn2)(C#N)c3ccccc3)cc1,1520,7310.0,50300.0,45500.0,47400.0,0.0,1410.0,13000,5450,16300,0,0,0,119,341,0.0,1080.0,4020,31200,33500.0,153
154,155,Fenbutatin Oxid,Fenbutatin-oxide,13356-08-6,CC(C)(C[Sn](CC(C)(C)C1=CC=CC=C1)(CC(C)(C)C2=CC=CC=C2)O[Sn](CC(C)(C)C3=CC=CC=C3)(CC(C)(C)C4=CC=CC=C4)CC(C)(C)C5=CC=CC=C5)C6=CC=CC=C6,0,0.0,0.0,0.0,0.0,0.0,0.0,0,0,0,0,0,0,0,0,0.0,0.0,0,0,0.0,154
155,156,Fenhexamid,Fenhexamid,126833-17-8,CC1(CCCCC1)C(=O)Nc2ccc(O)c(Cl)c2Cl,0,0.0,279.0,207.0,421.0,0.0,1040.0,4410,4660,4170,0,1780,14500,30200,28200,0.0,0.0,1300,9080,4780.0,155
156,157,Fenitrothion,Fenitrothion,122-14-5,CO[P](=S)(OC)Oc1ccc(c(C)c1)[N+]([O-])=O,0,0.0,0.0,0.0,0.0,0.0,0.0,0,0,0,0,0,0,0,0,0.0,0.0,0,518,0.0,156
157,158,Fenoxycarb,Fenoxycarb,72490-01-8,CCOC(=O)NCCOc1ccc(Oc2ccccc2)cc1,0,0.0,0.0,0.0,0.0,0.0,1440.0,10800,7150,11100,0,0,0,0,0,580.0,2170.0,4480,16700,5620.0,157
158,159,Fenpicoxamid,Fenpicoxamid,517875-34-2,CC1C(C(C(=O)OCC(C(=O)O1)NC(=O)C2=NC=CC(=C2OCOC(=O)C(C)C)OC)CC3=CC=CC=C3)OC(=O)C(C)C,0,0.0,0.0,0.0,0.0,0.0,0.0,0,0,0,0,0,0,0,0,0.0,0.0,0,0,0.0,158
159,160,Fenpropathrin,Fenpropathrin,39515-41-8,CC1(C)C(C(=O)OC(C#N)c2cccc(Oc3ccccc3)c2)C1(C)C,0,0.0,0.0,0.0,0.0,0.0,837.0,1660,1090,1160,0,0,0,0,0,796.0,2950.0,4050,4710,717.0,159
160,161,Fenpropidin,Fenpropidin,67306-00-7,CC(CN1CCCCC1)Cc2ccc(cc2)C(C)(C)C,0,0.0,0.0,0.0,0.0,187.0,4080.0,39800,37200,52000,0,0,0,0,0,955.0,3590.0,6850,47000,97100.0,160
161,162,Fenpropimorph,Fenpropimorph,67564-91-4,CC(CN1CC(C)OC(C)C1)Cc2ccc(cc2)C(C)(C)C,0,0.0,0.0,0.0,0.0,729.0,4980.0,38600,38100,49400,0,0,0,0,0,1560.0,5110.0,7270,51800,90600.0,161
162,163,Fenpyrazamine,Fenpyrazamine,473798-59-3,CC1=CC=CC=C1C2=C(N(N(C2=O)C(C)C)C(=O)SCC=C)N,0,0.0,954.0,1320.0,1070.0,966.0,5260.0,32200,15500,45100,0,487,1900,2620,2360,1100.0,3770.0,7860,42600,21800.0,162
163,164,Fenpyroximat,Fenpyroximate,134098-61-6,Cn1nc(C)c(\C=N\OCc2ccc(cc2)C(=O)OC(C)(C)C)c1Oc3ccccc3,0,0.0,0.0,0.0,0.0,0.0,1040.0,9250,4100,13300,0,0,0,0,0,0.0,321.0,2470,14300,12400.0,163
164,165,Fenthion,Fenthion,55-38-9,CO[P](=S)(OC)Oc1ccc(SC)c(C)c1,0,0.0,0.0,0.0,0.0,644.0,2890.0,8210,8950,9490,0,0,0,0,0,0.0,8970.0,13700,31900,29800.0,164
165,166,Fenthion oxon,Fenthion oxon,01/12/6552,CO[P](=O)(OC)Oc1ccc(SC)c(C)c1,0,0.0,0.0,0.0,0.0,723.0,3900.0,15000,15900,15200,0,0,0,0,0,1440.0,4500.0,9000,22900,15900.0,165
166,167,Fenthion-Oxonsulfoxid,Fenthoxon Sulfoxide,6552-13-2,CC1=C(C=CC(=C1)OP(=O)(OC)OC)S(=O)C,0,0.0,0.0,0.0,0.0,0.0,1710.0,12700,17100,18000,0,0,0,0,0,0.0,0.0,2470,21800,5100.0,166
167,168,Fenthion-sulfon,Fenthion-sulfone,3761-42-0,CO[P](=S)(OC)Oc1ccc(c(C)c1)[S](C)(=O)=O,0,0.0,0.0,0.0,0.0,807.0,2480.0,6370,4910,5120,0,0,0,0,0,2060.0,5530.0,10200,16800,1500.0,167
168,169,Fenthion-sulfoxid,Fenthion-sulfoxide,3761-41-9,CC1=C(C=CC(=C1)OP(=S)(OC)OC)S(=O)C,0,0.0,0.0,0.0,0.0,0.0,2650.0,12400,13200,12100,0,0,0,0,0,0.0,2470.0,5180,18700,6750.0,168
169,170,Fipronil,Fipronil,120068-37-3,Nc1n(nc(C#N)c1[S](=O)C(F)(F)F)c2c(Cl)cc(cc2Cl)C(F)(F)F,4590,20300.0,150000.0,95900.0,119000.0,0.0,0.0,0,0,0,1480,3620,22800,43500,54400,0.0,1190.0,1100,1470,412.0,169
170,171,Fipronil-Desulfinyl,Fipronil Desulfinyl,205650-65-3,C1=C(C=C(C(=C1Cl)N2C(=C(C(=N2)C#N)C(F)(F)F)N)Cl)C(F)(F)F,17600,67700.0,361000.0,240000.0,292000.0,0.0,0.0,0,0,0,2360,5820,33900,58000,62300,0.0,1210.0,896,474,0.0,170
171,172,Fipronil-Sulfid,Fipronil-Sulfide,120067-83-6,Nc1n(nc(C#N)c1SC(F)(F)F)c2c(Cl)cc(cc2Cl)C(F)(F)F,14600,59900.0,304000.0,198000.0,238000.0,0.0,99.4,496,484,365,2690,7370,38900,66200,71200,535.0,3150.0,2180,1500,202.0,171
172,173,Fipronil-Sulfon,Fipronil-Sulfone,120068-36-2,Nc1n(nc(C#N)c1[S](=O)(=O)C(F)(F)F)c2c(Cl)cc(cc2Cl)C(F)(F)F,6660,36600.0,213000.0,153000.0,200000.0,0.0,0.0,432,542,758,2590,7220,46500,89800,135000,1050.0,2910.0,3120,4560,2160.0,172
173,174,"Flonicamid und Metaboliten (TFNA, TFNG)",Flonicamid,158062-67-0,FC(F)(F)c1ccncc1C(=O)NCC#N,5310,26100.0,152000.0,95100.0,123000.0,611.0,3660.0,8310,5420,5660,2990,7290,46400,91100,126000,0.0,5080.0,10700,18700,1830.0,173
174,175,Fluazifop,Fluazifop,69335-91-7,CC(Oc1ccc(Oc2ccc(cn2)C(F)(F)F)cc1)C(O)=O,1820,9770.0,92300.0,102000.0,137000.0,0.0,897.0,4540,8320,20600,0,0,0,11600,48900,0.0,0.0,1260,9010,20400.0,174
175,176,Fluazifop-Butyl,Fluazifop-Butyl,69806-50-4,CCCCOC(=O)C(C)Oc1ccc(Oc2ccc(cn2)C(F)(F)F)cc1,0,0.0,0.0,0.0,56.4,1780.0,6120.0,17700,13400,13200,0,0,0,0,0,0.0,7860.0,11200,23300,7610.0,175
176,177,Fluazifop-P-Butyl,Fluazifop-P-Butyl,79241-46-6,CCCCOC(=O)[C@@H](C)Oc1ccc(Oc2ccc(cn2)C(F)(F)F)cc1,0,0.0,0.0,0.0,56.4,1780.0,6120.0,17700,13400,13200,0,0,0,0,0,0.0,7860.0,11200,23300,7610.0,176
177,178,Fluazinam,Fluazinam,79622-59-6,[O-][N+](=O)c1cc(c(Cl)c(c1Nc2ncc(cc2Cl)C(F)(F)F)[N+]([O-])=O)C(F)(F)F,0,0.0,0.0,0.0,0.0,0.0,0.0,0,217,0,1500,3120,24200,53300,95100,0.0,208.0,865,985,106.0,177
178,179,Flubendiamid,Flubendiamide,272451-65-7,Cc1cc(ccc1NC(=O)c2cccc(I)c2C(=O)NC(C)(C)C[S](C)(=O)=O)C(F)(C(F)(F)F)C(F)(F)F,0,1120.0,4830.0,12100.0,10600.0,0.0,0.0,0,0,0,0,0,2650,8130,12500,0.0,0.0,0,0,189.0,178
179,180,Fludioxonil,Fludioxonil,131341-86-1,FC1(F)Oc2cccc(c2O1)c3c[nH]cc3C#N,12000,43700.0,232000.0,179000.0,281000.0,0.0,0.0,0,546,5750,7980,19900,109000,215000,345000,0.0,0.0,0,0,3400.0,179
180,181,Flufenacet,Flufenacet,142459-58-3,CC(C)N(C(=O)COc1sc(nn1)C(F)(F)F)c2ccc(F)cc2,0,0.0,0.0,0.0,0.0,400.0,3260.0,10100,11700,8810,0,0,0,0,0,1490.0,4150.0,8050,19700,7860.0,180
181,182,Flufenoxuron,Flufenoxuron,101463-69-8,Fc1cc(Oc2ccc(cc2Cl)C(F)(F)F)ccc1NC(=O)NC(=O)c3c(F)cccc3F,0,1830.0,23900.0,28700.0,36700.0,0.0,0.0,2200,1480,6280,0,1030,10200,49800,103000,0.0,0.0,911,10800,14400.0,181
182,183,Flumethrin,Flumethrin,69770-45-2,CC1(C)C(\C=C(Cl)\c2ccc(Cl)cc2)C1C(=O)OC(C#N)c3ccc(F)c(Oc4ccccc4)c3,0,2370.0,14400.0,19000.0,17900.0,0.0,0.0,0,0,207,0,0,1420,2960,6180,0.0,0.0,0,4310,4430.0,182
183,184,Flumioxazin,Flumioxazin,103361-09-7,Fc1cc2OCC(=O)N(CC#C)c2cc1N3C(=O)C4=C(CCCC4)C3=O,0,0.0,0.0,0.0,0.0,0.0,0.0,3300,826,3520,0,0,0,0,0,290.0,1270.0,3370,13300,8260.0,183
184,185,Fluopicolid,Fluopicolide,239110-15-7,C1=CC(=C(C(=C1)Cl)C(=O)NCC2=C(C=C(C=N2)C(F)(F)F)Cl)Cl,0,313.0,147.0,250.0,0.0,0.0,1490.0,3720,5180,4470,0,0,649,500,0,142.0,1700.0,2840,5220,992.0,184
185,186,Fluopyram,Fluopyram,658066-35-4,C1=CC=C(C(=C1)C(=O)NCCC2=C(C=C(C=N2)C(F)(F)F)Cl)C(F)(F)F,2520,9880.0,36700.0,22600.0,24000.0,1150.0,3890.0,20800,17000,21400,0,0,1720,1710,1440,2700.0,6730.0,8300,25200,16200.0,185
186,187,Fluoxastrobin,Fluoxastrobin,361377-29-9,CO\N=C(C1=NOCCO1)/c2ccccc2Oc3ncnc(Oc4ccccc4Cl)c3F,0,0.0,0.0,0.0,0.0,0.0,578.0,12400,7720,14800,0,0,0,0,0,0.0,0.0,2880,23000,37900.0,186
187,188,Flupyradifuron,Flupyradifurone,951659-40-8,C1C(=CC(=O)O1)N(CC2=CN=C(C=C2)Cl)CC(F)F,1660,11400.0,118000.0,120000.0,122000.0,0.0,2060.0,26300,29100,39800,0,0,0,1590,2850,0.0,699.0,3830,57500,72200.0,187
188,189,Fluquinconazol,Fluquinconazole,136426-54-5,Fc1ccc2N=C(n3cncn3)N(C(=O)c2c1)c4ccc(Cl)cc4Cl,0,975.0,3690.0,3190.0,3120.0,0.0,473.0,2300,585,1750,0,0,0,0,0,0.0,472.0,2000,3870,1730.0,188
189,190,Flusilazol,Flusilazol,85509-19-9,C[Si](Cn1cncn1)(c2ccc(F)cc2)c3ccc(F)cc3,0,1280.0,2940.0,1780.0,1890.0,1030.0,5110.0,16400,11900,14300,0,0,0,0,0,2020.0,5400.0,10600,24200,2620.0,189
190,191,Flutianil,Flutianil,958647-10-4,COC1=CC=CC=C1N2CCSC2=C(C#N)SC3=C(C=CC(=C3)C(F)(F)F)F,0,0.0,0.0,0.0,0.0,1100.0,1750.0,16900,13500,15800,0,0,0,0,0,1650.0,5290.0,7760,28400,24300.0,190
191,192,Flutolanil,Flutolanil,66332-96-5,CC(C)Oc1cccc(NC(=O)c2ccccc2C(F)(F)F)c1,1820,7190.0,37900.0,27000.0,29300.0,1220.0,5810.0,15400,12900,12600,2690,6390,36500,45000,32000,3480.0,8790.0,11200,20500,1680.0,191
192,193,Flutriafol,Flutriafol,76674-21-0,OC(Cn1cncn1)(c2ccc(F)cc2)c3ccccc3F,0,2210.0,12000.0,7900.0,9070.0,0.0,3350.0,12700,13700,10100,0,0,1570,1820,1270,218.0,1730.0,4430,15400,3950.0,192
193,194,Fluxapyroxad,Fluxapyroxad,907204-31-3,CN1C=C(C(=N1)C(F)F)C(=O)NC2=CC=CC=C2C3=CC(=C(C(=C3)F)F)F,12300,60300.0,294000.0,229000.0,265000.0,889.0,4860.0,15800,12500,16200,2220,5910,40700,70800,80600,1930.0,5710.0,8900,23000,16300.0,193
194,195,FM-6-1,Triflumizole,68694-11-1,CCCOCC(=Nc1ccc(Cl)cc1C(F)(F)F)n2ccnc2,0,0.0,274.0,102.0,108.0,0.0,772.0,2500,1760,1590,0,0,818,904,326,0.0,0.0,1220,3160,1060.0,194
195,196,Fonofos,Fonofos,944-22-9,CCO[P](=S)(CC)Sc1ccccc1,0,0.0,0.0,0.0,0.0,1660.0,4290.0,10700,20100,24500,0,0,0,0,0,3770.0,15900.0,52400,0,0.0,195
196,197,Forchlorfenuron,Forchlorfenuron,68157-60-8,Clc1cc(NC(=O)Nc2ccccc2)ccn1,3680,27200.0,280000.0,316000.0,336000.0,0.0,1100.0,36300,43700,63300,0,1640,17700,61600,118000,0.0,1050.0,6220,77600,139000.0,196
197,198,Formetanat,Formetanate,22259-30-9,CNC(=O)Oc1cccc(c1)N=CN(C)C,0,0.0,0.0,0.0,0.0,137.0,5230.0,40900,42900,60600,0,0,0,0,0,92.1,1420.0,6240,55400,61400.0,197
198,199,Formetanat HCL,Formetanate hydrochloride,23422-53-9,[H+].[Cl-].CNC(=O)Oc1cccc(c1)N=CN(C)C,0,0.0,0.0,0.0,0.0,0.0,0.0,0,0,0,0,0,0,0,0,0.0,0.0,0,0,0.0,198
199,200,Formothion,Formothion,2540-82-1,CO[P](=S)(OC)SCC(=O)N(C)C=O,0,0.0,0.0,0.0,0.0,0.0,729.0,2030,2170,1890,0,218,2860,6970,7870,0.0,1610.0,3070,9330,5930.0,199
200,201,Fosthiazat,Fosthiazate,98886-44-3,CCO[P](=O)(SC(C)CC)N1CCSC1=O,0,0.0,0.0,0.0,0.0,91.8,2710.0,13700,16000,15100,0,0,0,0,0,258.0,1360.0,4920,22300,15300.0,200
201,202,Furathiocarb,Furathiocarb,65907-30-4,CCCCOC(=O)N(C)SN(C)C(=O)Oc1cccc2CC(C)(C)Oc12,0,870.0,7380.0,6330.0,6220.0,0.0,0.0,658,602,2900,0,0,0,482,1140,0.0,0.0,223,2460,1310.0,201
202,203,Haloxyfop,Haloxyfop,69806-34-4,CC(Oc1ccc(Oc2ncc(cc2Cl)C(F)(F)F)cc1)C(O)=O,647,2780.0,24000.0,39900.0,62600.0,0.0,410.0,625,0,0,0,0,0,4330,19600,479.0,2370.0,1860,0,6460.0,202
203,204,Haloxyfop-ethoxyethylester,Haloxyfop-ethoxyethyl ester,87237-48-7,CCOCCOC(=O)C(C)OC1=CC=C(C=C1)OC2=C(C=C(C=N2)C(F)(F)F)Cl,0,0.0,0.0,0.0,0.0,0.0,1410.0,3370,2890,3150,0,0,0,0,0,370.0,1620.0,2980,5240,934.0,203
204,205,Haloxyfop-methylester,Haloxyfop-methylester,69806-40-2,CC(C(=O)OC)OC1=CC=C(C=C1)OC2=C(C=C(C=N2)C(F)(F)F)Cl,0,0.0,0.0,0.0,0.0,672.0,2710.0,4470,3630,3250,0,0,0,0,0,1320.0,3960.0,4950,6400,3190.0,204
205,206,"HCH, alpha-","HCH, alpha-",319-84-6,Cl[C@@H]1[C@H](Cl)[C@@H](Cl)[C@@H](Cl)[C@H](Cl)[C@H]1Cl,471,1760.0,10400.0,10800.0,12200.0,0.0,0.0,0,0,0,0,0,0,0,390,0.0,0.0,0,0,0.0,205
206,207,"HCH, delta-","HCH, delta-",319-86-8,Cl[C@@H]1[C@H](Cl)[C@@H](Cl)[C@H](Cl)[C@@H](Cl)[C@@H]1Cl,471,1760.0,10400.0,10800.0,12200.0,0.0,0.0,0,0,0,0,0,0,0,390,0.0,0.0,0,0,0.0,206
207,208,"HCH, gamma- (Lindan)","HCH, gamma- (Lindan)",58-89-9,Cl[C@@H]1[C@H](Cl)[C@@H](Cl)[C@H](Cl)[C@H](Cl)[C@H]1Cl,471,1760.0,10400.0,10800.0,12200.0,0.0,0.0,0,0,0,0,0,0,0,390,0.0,0.0,0,0,0.0,207
208,209,"Heptachlorepoxid, cis- (exo,beta)","Heptachlorepoxid, cis- (exo,beta)",1024-57-3,Cl[C@H]1[C@H]2O[C@H]2[C@H]3[C@@H]1C4(Cl)C(Cl)=C(Cl)C3(Cl)C4(Cl)Cl,0,0.0,0.0,0.0,0.0,0.0,0.0,0,0,0,0,0,0,0,0,0.0,0.0,0,0,0.0,208
209,210,"Heptachlorepoxid, trans","Heptachlorepoxid, trans",,[C@@H]12[C@H]3[C@H](O3)C([C@@H]1C4(C(=C(C2(C4(Cl)Cl)Cl)Cl)Cl)Cl)Cl,0,0.0,0.0,0.0,0.0,0.0,0.0,0,0,0,0,0,0,0,0,0.0,0.0,0,0,0.0,209
210,211,Hexachlorbenzol,Hexachlorbenzol,118-74-1,Clc1c(Cl)c(Cl)c(Cl)c(Cl)c1Cl,0,0.0,0.0,0.0,0.0,0.0,0.0,0,0,0,0,0,0,0,0,0.0,0.0,0,0,0.0,210
211,212,Hexaconazol,Hexaconazol,79983-71-4,CCCCC(O)(Cn1cncn1)c2ccc(Cl)cc2Cl,776,2810.0,16900.0,14600.0,18300.0,0.0,1470.0,5810,4700,3510,0,0,0,0,0,0.0,722.0,2900,6680,911.0,211
212,213,Hexadecyltrimethylammonium chlorid,Hexadecyltrimethylammonium chlorid,112-02-7,CCCCCCCCCCCCCCCC[N+](C)(C)C.[Cl-],0,0.0,0.0,0.0,0.0,0.0,0.0,0,0,0,0,0,0,0,0,0.0,0.0,0,0,0.0,212
213,214,Hexythiazox,Hexythiazox,78587-05-0,C[C@H]1C(SC(=O)N1C(=O)NC2CCCCC2)c3ccc(Cl)cc3,0,0.0,0.0,0.0,0.0,0.0,1020.0,2670,1150,2550,0,0,0,0,0,663.0,2210.0,2900,4480,2240.0,213
214,215,Icaridin (Picaridin),Icaridin (Picaridin),119515-38-7,CCC(C)OC(=O)N1CCCCC1CCO,0,0.0,0.0,0.0,0.0,0.0,7900.0,52900,0,66100,0,0,0,0,0,0.0,0.0,0,77100,156000.0,214
215,216,Imazalil,Imazalil,35554-44-0,Clc1ccc(C(Cn2ccnc2)OCC=C)c(Cl)c1,0,0.0,0.0,0.0,0.0,0.0,4050.0,22000,21300,28900,0,0,0,0,1070,0.0,509.0,5520,30600,16100.0,215
216,217,Imazapyr,Imazapyr,81334-34-1,CC(C)C1(C)N=C(NC1=O)c2ncccc2C(O)=O,0,0.0,0.0,965.0,1780.0,0.0,0.0,0,868,16600,0,0,0,2970,13800,0.0,0.0,0,2500,17600.0,216
217,218,Imazethapyr,Imazethapyr,81335-77-5,CCc1cnc(C2=NC(C)(C(C)C)C(=O)N2)c(c1)C(O)=O,0,0.0,0.0,0.0,609.0,0.0,0.0,0,3680,11600,0,0,0,4670,10600,0.0,0.0,0,0,11100.0,217
218,219,Imibenconazol,Imibenconazol,86598-92-7,C1=CC(=CC=C1CSC(=NC2=C(C=C(C=C2)Cl)Cl)CN3C=NC=N3)Cl,1620,4500.0,3310.0,1510.0,1910.0,0.0,0.0,0,0,0,0,0,0,0,0,0.0,0.0,0,0,0.0,218
219,220,Imidacloprid,Imidacloprid,138261-41-3,[O-][N+](=O)NC1=NCCN1Cc2ccc(Cl)nc2,0,1570.0,24400.0,25700.0,27900.0,0.0,2010.0,20800,26400,43700,0,0,21100,77800,160000,0.0,0.0,3960,62400,93700.0,219
220,221,Indoxacarb,Indoxacarb,173584-44-6,COC(=O)N(C(=O)N1CO[C@]2(Cc3cc(Cl)ccc3C2=N1)C(=O)OC)c4ccc(OC(F)(F)F)cc4,0,0.0,456.0,323.0,800.0,0.0,678.0,7800,4390,11900,0,0,0,0,0,0.0,0.0,994,14300,13400.0,220
221,222,Ioxynil,Ioxynil,1689-83-4,Oc1c(I)cc(cc1I)C#N,0,0.0,91.3,0.0,217.0,0.0,0.0,0,0,0,0,4720,32200,67000,105000,0.0,0.0,0,0,0.0,221
222,223,Ioxyniloctanoat,Ioxynil Octanoate,3861-47-0,CCCCCCCC(=O)OC1=C(C=C(C=C1I)C#N)I,709,1850.0,1380.0,1100.0,301.0,0.0,0.0,0,0,0,0,0,0,0,0,0.0,0.0,0,0,0.0,222
223,224,Iprobenfos,Iprobenfos,26087-47-8,CC(C)O[P](=O)(OC(C)C)SCc1ccccc1,0,0.0,0.0,0.0,0.0,634.0,3060.0,17800,20200,26200,0,0,0,0,0,0.0,0.0,0,40200,57800.0,223
224,225,Iprodion,Iprodion,36734-19-7,CC(C)NC(=O)N1CC(=O)N(C1=O)c2cc(Cl)cc(Cl)c2,0,0.0,737.0,294.0,111.0,0.0,0.0,210,338,169,0,0,0,0,0,0.0,0.0,829,1370,436.0,224
225,226,Iprovalicarb,Iprovalicarb,140923-17-7,CC(C)OC(=O)N[C@H](C(C)C)C(=O)NC(C)c1ccc(C)cc1,888,3160.0,21100.0,14700.0,16800.0,423.0,1760.0,16600,13400,19900,0,0,0,0,0,674.0,2340.0,4630,24000,14200.0,225
226,227,Isocarbophos,Isocarbophos,24353-61-5,CO[P](N)(=S)Oc1ccccc1C(=O)OC(C)C,0,0.0,152.0,74.9,77.5,0.0,0.0,0,0,0,0,0,0,241,0,0.0,0.0,0,0,0.0,226
227,228,Isodrin,Isodrine,465-73-6,ClC1=C(Cl)[C@]2(Cl)[C@H]3[C@H]4C[C@H](C=C4)[C@H]3[C@@]1(Cl)C2(Cl)Cl,0,0.0,0.0,0.0,0.0,0.0,0.0,0,0,0,0,0,0,0,0,0.0,0.0,0,0,0.0,227
228,229,Isofenphos,Isofenphos,25311-71-1,CCO[P](=S)(NC(C)C)Oc1ccccc1C(=O)OC(C)C,0,0.0,711.0,654.0,367.0,0.0,358.0,1880,2090,2100,0,0,784,925,661,0.0,969.0,1710,4030,4030.0,228
229,230,Isofenphos-Methyl,Isofenphos-Methyl,99675-03-3,CO[P](=S)(NC(C)C)Oc1ccccc1C(=O)OC(C)C,0,0.0,530.0,476.0,300.0,0.0,251.0,1580,1540,1910,0,0,875,875,772,0.0,548.0,1570,4000,4030.0,229
230,231,Isofetamid,Isofetamid,875915-78-9,CC1=C(SC=C1)C(=O)NC(C)(C)C(=O)C2=C(C=C(C=C2)OC(C)C)C,1020,2870.0,8450.0,6770.0,6890.0,219.0,3630.0,16700,16500,21900,0,1100,4940,5300,3900,1800.0,4970.0,7200,26000,9680.0,230
231,232,Isoprocarb,Isoprocarb,2631-40-5,CNC(=O)Oc1ccccc1C(C)C,0,0.0,0.0,0.0,0.0,0.0,0.0,28100,38000,40000,0,0,0,0,0,0.0,10300.0,0,0,0.0,231
232,233,Isoprothiolan,Isoprothiolan,50512-35-1,CC(C)OC(=O)C(C(=O)OC(C)C)=C1SCCS1,0,0.0,0.0,0.0,0.0,973.0,5310.0,29200,25700,31000,0,0,0,0,0,2620.0,6760.0,10800,43900,40500.0,232
233,234,Isoproturon,Isoproturon,34123-59-6,CC(C)c1ccc(NC(=O)N(C)C)cc1,0,0.0,0.0,0.0,0.0,1990.0,11800.0,43300,44800,45600,0,0,362,325,0,3610.0,10400.0,15800,52300,45800.0,233
234,235,Isopyrazam,Isopyrazam,881685-58-1,CC(C)C1C2CCC1C3=C2C=CC=C3NC(=O)C4=CN(N=C4C(F)F)C,6030,31500.0,155000.0,126000.0,141000.0,843.0,1600.0,23500,19200,25700,0,1420,7770,13700,12500,1450.0,3660.0,7050,28800,17300.0,234
235,236,Isoxaben,Isoxaben,82558-50-7,CCC(C)(CC)c1cc(NC(=O)c2c(OC)cccc2OC)on1,0,0.0,0.0,0.0,0.0,0.0,1940.0,20500,17600,35300,0,887,6730,16100,20300,172.0,628.0,4060,35200,26000.0,235
236,237,Isoxathion,Isoxathion,18854-01-8,CCO[P](=S)(OCC)Oc1cc(on1)c2ccccc2,0,0.0,0.0,0.0,0.0,615.0,4060.0,15000,15400,12000,0,0,0,0,0,1450.0,4490.0,8870,22000,10600.0,236
237,238,JasmolinI II,Jasmolin II,1172-63-0,CCC=CCC1=C(C(CC1=O)OC(=O)C2C(C2(C)C)C=C(C)C(=O)OC)C,0,0.0,0.0,0.0,0.0,0.0,0.0,0,0,0,0,0,0,0,0,0.0,0.0,0,0,0.0,237
238,239,Karanjin,Karanjin,521-88-0,COC1=C(Oc2c(ccc3occc23)C1=O)c4ccccc4,0,0.0,0.0,0.0,124.0,1810.0,5540.0,53500,42800,58000,0,0,0,0,0,0.0,9870.0,15400,59400,31200.0,238
239,240,Kresoxim-methyl,Kresoxim-methyl,143390-89-0,CO\N=C(C(=O)OC)/c1ccccc1COc2ccccc2C,0,0.0,0.0,0.0,0.0,0.0,1880.0,3620,4120,3470,0,0,0,0,0,948.0,2600.0,4700,7360,0.0,239
240,241,Lenacil,Lenacil,01/08/2164,O=C1NC2=C(CCC2)C(=O)N1C3CCCCC3,0,1680.0,3560.0,3190.0,2880.0,749.0,5740.0,19000,20700,19800,2550,7390,43300,76200,81300,1640.0,5080.0,11200,35000,25600.0,240
241,242,Linuron,Linuron,330-55-2,CON(C)C(=O)Nc1ccc(Cl)c(Cl)c1,0,728.0,1870.0,1500.0,1960.0,662.0,3140.0,7840,7910,6790,804,2280,14200,23100,23800,3310.0,10200.0,11900,21800,15100.0,241
242,243,Lufenuron,Lufenuron,103055-07-8,FC(C(F)(F)F)C(F)(F)Oc1cc(Cl)c(NC(=O)NC(=O)c2c(F)cccc2F)cc1Cl,910,3800.0,24500.0,22800.0,39300.0,0.0,0.0,339,280,1880,634,2100,21100,62300,96600,0.0,0.0,526,6010,3430.0,242
243,244,Malaoxon,Malaoxon,1634-78-2,CCOC(=O)CC(S[P](=O)(OC)OC)C(=O)OCC,0,0.0,0.0,0.0,0.0,0.0,3030.0,18100,22200,23600,0,0,0,0,0,201.0,1240.0,5000,30100,26900.0,243
244,245,Malathion,Malathion,121-75-5,CCOC(=O)CC(S[P](=S)(OC)OC)C(=O)OCC,0,0.0,0.0,0.0,0.0,451.0,2360.0,8370,9540,9360,0,0,0,0,0,1120.0,3590.0,7000,22500,17800.0,244
245,246,Mandestrobin,Mandestrobin,173662-97-0,CC1=CC(=C(C=C1)C)OCC2=CC=CC=C2C(C(=O)NC)OC,0,1060.0,2930.0,1910.0,2590.0,826.0,4880.0,30100,18700,36900,0,0,0,0,0,1390.0,0.0,8410,39700,29700.0,245
246,247,Mandipropamid,Mandipropamid,374726-62-2,COC1=C(C=CC(=C1)CCNC(=O)C(C2=CC=C(C=C2)Cl)OCC#C)OCC#C,0,2480.0,40300.0,80800.0,81600.0,0.0,0.0,3820,4130,8330,0,0,0,658,1110,0.0,0.0,1160,14000,16800.0,246
247,248,Matrin,Matrin,519-02-8,C1CC2C3CCCN4C3C(CCC4)CN2C(=O)C1,0,0.0,0.0,0.0,0.0,1090.0,9210.0,45600,19200,65700,0,0,0,0,0,489.0,3990.0,12600,46900,71800.0,247
248,249,MCPA,MCPA,94-74-6,Cc1cc(Cl)ccc1OCC(O)=O,0,0.0,1180.0,10400.0,26500.0,0.0,0.0,0,0,0,0,0,0,15200,46500,0.0,0.0,0,0,0.0,248
249,250,MCPB,MCPB,94-81-5,Cc1cc(Cl)ccc1OCCCC(O)=O,0,0.0,5150.0,3850.0,6620.0,0.0,0.0,0,0,0,0,0,1720,11400,16800,0.0,0.0,0,1780,1310.0,249
250,251,Mefentrifluconazol,Mefentrifluconazol,1417782-03-6,CC(CN1C=NC=N1)(C2=C(C=C(C=C2)OC3=CC=C(C=C3)Cl)C(F)(F)F)O,2220,12300.0,96400.0,77800.0,82900.0,0.0,737.0,8020,1760,7650,0,0,0,0,0,0.0,0.0,2220,14700,9970.0,250
251,252,Mepanipyrim,Mepanipyrim,110235-47-7,CC#Cc1cc(C)nc(Nc2ccccc2)n1,0,0.0,0.0,0.0,0.0,1660.0,9400.0,49400,40700,57200,0,0,0,0,0,3550.0,10900.0,15200,59200,81200.0,251
252,253,Metaflumizon,Metaflumizon,139968-49-3,C1=CC(=CC(=C1)C(F)(F)F)C(=NNC(=O)NC2=CC=C(C=C2)OC(F)(F)F)CC3=CC=C(C=C3)C#N,0,384.0,2850.0,5820.0,4630.0,0.0,0.0,0,362,213,0,0,1000,3890,5860,0.0,0.0,0,762,981.0,252
253,254,Metalaxyl,Metalaxyl,57837-19-1,COCC(=O)N(C(C)C(=O)OC)c1c(C)cccc1C,0,0.0,0.0,0.0,0.0,1060.0,6770.0,35600,34000,39100,0,0,0,0,0,0.0,5960.0,10600,46100,50800.0,253
254,255,Metamitron,Metamitron,41394-05-2,CC1=NN=C(c2ccccc2)C(=O)N1N,0,720.0,2900.0,2610.0,2870.0,0.0,1530.0,15000,15900,21800,0,703,7360,12500,11400,452.0,2800.0,5090,21200,14200.0,254
255,256,Metazachlor,Metazachlor,67129-08-2,Cc1cccc(C)c1N(Cn2cccn2)C(=O)CCl,0,0.0,0.0,0.0,0.0,460.0,2380.0,16600,15100,17400,0,0,0,0,0,1580.0,4730.0,6230,24500,22900.0,255
256,257,Metazachlor ESA (479M08),Metazachlor ESA (479M08),172960-62-2,CC1=C(C(=CC=C1)C)N(CN2C=CC=N2)C(=O)CS(=O)(=O)O,0,0.0,216.0,0.0,166.0,0.0,0.0,0,0,0,0,0,0,0,0,0.0,0.0,0,0,0.0,256
257,258,Metazachlor OA (479M04),Metazachlor OA (479M04),1231244-60-2,CC1=C(C(=CC=C1)C)N(CN2C=CC=N2)C(=O)C(=O)O,0,0.0,0.0,0.0,820.0,0.0,0.0,0,0,924,0,0,0,0,2500,0.0,0.0,0,0,713.0,257
258,259,Methabenzthiazuron,Methabenzthiazuron,18691-97-9,CNC(=O)N(C)c1sc2ccccc2n1,0,0.0,114.0,446.0,322.0,1180.0,9360.0,42100,43500,46600,0,0,0,0,0,3740.0,11000.0,17200,64100,72600.0,258
259,260,Methamidophos,Methamidophos,10265-92-6,CO[P](N)(=O)SC,0,0.0,0.0,0.0,0.0,612.0,3210.0,22800,25900,34700,0,0,0,0,0,0.0,3530.0,0,56200,98500.0,259
260,261,Methidathion,Methidathion,950-37-8,COC1=NN(CS[P](=S)(OC)OC)C(=O)S1,0,0.0,0.0,0.0,59.9,302.0,1930.0,6250,4770,4750,0,0,0,0,0,1110.0,3900.0,6470,15300,7720.0,260
261,262,Methiocarb,Methiocarb,2032-65-7,CNC(=O)Oc1cc(C)c(SC)c(C)c1,0,0.0,0.0,0.0,0.0,0.0,2310.0,7310,7380,6280,0,0,0,0,0,1650.0,3820.0,7570,16700,10900.0,261
262,263,Methiocarb-Sulfon,Methiocarb-Sulfon,2179-25-1,CNC(=O)Oc1cc(C)c(c(C)c1)[S](C)(=O)=O,227,1780.0,9900.0,8550.0,10400.0,0.0,661.0,1660,1240,2360,0,0,0,0,0,0.0,867.0,2830,10300,1400.0,262
263,264,Methiocarb-Sulfoxid,Methiocarb-Sulfoxid,01/10/2635,CNC(=O)Oc1cc(C)c(c(C)c1)[S](C)=O,0,328.0,778.0,1090.0,1550.0,0.0,2470.0,12600,17400,19800,0,0,0,0,0,0.0,461.0,3470,25800,7640.0,263
264,265,Methomyl,Methomyl,16752-77-5,CNC(=O)O\N=C(/C)SC,0,0.0,0.0,0.0,0.0,0.0,0.0,7210,6940,6160,0,0,0,0,0,536.0,1790.0,0,16100,25200.0,264
265,266,Methoxychlor,Methoxychlor,72-43-5,COc1ccc(cc1)C(c2ccc(OC)cc2)C(Cl)(Cl)Cl,0,0.0,0.0,0.0,0.0,0.0,0.0,0,0,0,0,0,0,0,0,0.0,0.0,0,0,0.0,265
266,267,Methoxyfenozid,Methoxyfenozid,161050-58-4,CC1=CC(=CC(=C1)C(=O)N(C(C)(C)C)NC(=O)C2=C(C(=CC=C2)OC)C)C,3730,21000.0,118000.0,102000.0,109000.0,0.0,900.0,7740,6740,10800,1000,2420,17500,35500,47000,0.0,1330.0,3150,14900,12000.0,266
267,268,Metolachlor,Metolachlor,51218-45-2,CCc1cccc(C)c1N(C(C)COC)C(=O)CCl,0,0.0,0.0,0.0,0.0,1310.0,7190.0,36200,35700,42100,0,0,0,0,0,0.0,11600.0,17600,56700,71400.0,267
268,269,Metolcarb,Metolcarb,1129-41-5,CNC(=O)Oc1cccc(C)c1,0,0.0,0.0,0.0,0.0,0.0,0.0,17300,24700,22500,0,0,0,0,0,0.0,9580.0,0,0,0.0,268
269,270,Metominostrobin,Metominostrobin,133408-50-1,CNC(=O)C(=NOC)C1=CC=CC=C1OC2=CC=CC=C2,0,0.0,0.0,0.0,0.0,1220.0,7170.0,27700,22800,26100,0,0,0,0,0,3850.0,9920.0,13200,35000,20800.0,269
270,271,Metrafenon,Metrafenon,220899-03-6,CC1=CC(=C(C(=C1C(=O)C2=C(C=CC(=C2C)Br)OC)OC)OC)OC,0,0.0,0.0,0.0,0.0,835.0,1910.0,6540,3850,7260,0,0,0,0,0,1600.0,5020.0,5250,10600,3210.0,270
271,272,Metribuzin,Metribuzin,21087-64-9,CSC1=NN=C(C(=O)N1N)C(C)(C)C,0,0.0,0.0,0.0,0.0,542.0,3740.0,16200,14800,18500,0,0,0,0,0,1370.0,3850.0,5950,20600,25800.0,271
272,273,Metsulfuron-Methyl,Metsulfuron-Methyl,74223-64-6,COC(=O)c1ccccc1[S](=O)(=O)NC(=O)Nc2nc(C)nc(OC)n2,0,0.0,134.0,120.0,290.0,0.0,0.0,0,0,0,0,0,0,0,523,0.0,0.0,0,0,542.0,272
273,274,Monocrotophos,Monocrotophos,6923-22-4,CNC(=O)\C=C(/C)O[P](=O)(OC)OC,0,699.0,2900.0,2440.0,2350.0,0.0,2350.0,15100,15600,18100,0,0,0,0,0,202.0,2830.0,6550,23000,15300.0,273
274,275,Myclobutanil,Myclobutanil,88671-89-0,CCCCC(Cn1cncn1)(C#N)c2ccc(Cl)cc2,1160,3660.0,22100.0,17400.0,18700.0,583.0,3110.0,8380,4600,5770,0,0,0,0,0,1050.0,1680.0,5830,14400,7810.0,274
275,276,Nicotin,Nicotin,54-11-5,CN1CCCC1c2cccnc2,0,0.0,0.0,0.0,0.0,255.0,7750.0,56200,32200,81200,0,0,0,0,0,1830.0,0.0,0,72600,144000.0,275
276,277,Novaluron,Novaluron,116714-46-6,FC(OC(F)(F)F)C(F)(F)Oc1ccc(NC(=O)NC(=O)c2c(F)cccc2F)cc1Cl,2040,9200.0,131000.0,114000.0,157000.0,0.0,491.0,812,820,3240,1070,2590,27400,70300,103000,0.0,159.0,1420,9280,4740.0,276
277,278,Omethoat,Omethoat,1113-02-6,CNC(=O)CS[P](=O)(OC)OC,0,0.0,1010.0,1180.0,1320.0,646.0,6100.0,39000,42000,52800,0,0,0,0,0,0.0,2840.0,10100,60000,79600.0,277
278,279,Oxadixyl,Oxadixyl,77732-09-3,COCC(=O)N(N1CCOC1=O)c2c(C)cccc2C,0,0.0,0.0,0.0,0.0,541.0,4180.0,20200,16900,19900,0,0,0,0,0,2220.0,4880.0,8890,30500,10200.0,278
279,280,Oxamyl,Oxamyl,23135-22-0,CNC(=O)O\N=C(SC)\C(=O)N(C)C,0,372.0,1350.0,705.0,169.0,0.0,0.0,497,568,495,0,0,0,274,1240,0.0,0.0,0,740,575.0,279
280,281,Oxathiapiproplin,Oxathiapiproplin,1003318-67-9,CC1=CC(=NN1CC(=O)N2CCC(CC2)C3=NC(=CS3)C4=NOC(C4)C5=C(C=CC=C5F)F)C(F)(F)F,0,1260.0,14700.0,13300.0,27300.0,0.0,470.0,8870,11700,9960,0,0,0,0,0,0.0,0.0,178,19700,56400.0,280
281,282,Oxycarboxin,Oxycarboxin,5259-88-1,CC1=C(C(=O)Nc2ccccc2)[S](=O)(=O)CCO1,0,1970.0,8630.0,6570.0,8590.0,0.0,3060.0,15500,17100,20900,1020,3090,28200,52700,60400,1440.0,4210.0,8210,28600,10400.0,281
282,283,Oxydemeton-Methyl,Oxydemeton-Methyl,301-12-2,CC[S](=O)CCS[P](=O)(OC)OC,0,0.0,0.0,0.0,0.0,0.0,2870.0,22000,27400,33400,0,0,0,0,0,516.0,1580.0,4420,37400,36600.0,282
283,284,Oxyfluorfen,Oxyfluorfen,42874-03-3,CCOc1cc(Oc2ccc(cc2Cl)C(F)(F)F)ccc1[N+]([O-])=O,647,2780.0,24000.0,39900.0,62600.0,0.0,410.0,625,0,0,0,0,0,4330,19600,479.0,2370.0,1860,0,6460.0,283
284,285,Oxymatrin,Oxymatrin,16837-52-8,C1CC2C3CCC[N+]4(C3C(CCC4)CN2C(=O)C1)[O-],0,0.0,0.0,0.0,0.0,0.0,0.0,111,0,452,0,0,0,0,0,0.0,0.0,0,1090,1530.0,284
285,286,Paclobutrazol,Paclobutrazol,76738-62-0,CC(C)(C)C(C(CC1=CC=C(C=C1)Cl)N2C=NC=N2)O,1280,6260.0,38400.0,23600.0,30900.0,540.0,3120.0,14200,9760,12500,0,0,0,0,0,172.0,1420.0,4600,15800,8960.0,285
286,287,Paraoxon,Paraoxon,311-45-5,CCO[P](=O)(OCC)Oc1ccc(cc1)[N+]([O-])=O,0,0.0,0.0,0.0,0.0,427.0,2760.0,9330,10000,8190,0,0,0,0,0,0.0,5170.0,10500,27300,14700.0,286
287,288,Paraoxon-Methyl,Paraoxon-Methyl,950-35-6,CO[P](=O)(OC)Oc1ccc(cc1)[N+]([O-])=O,0,0.0,0.0,0.0,0.0,599.0,2840.0,8770,9670,7640,0,0,0,0,0,1470.0,4670.0,12100,33300,25100.0,287
288,289,Parathion,Parathion,56-38-2,CCO[P](=S)(OCC)Oc1ccc(cc1)[N+]([O-])=O,0,0.0,0.0,0.0,0.0,0.0,0.0,0,0,0,0,0,0,0,0,0.0,0.0,0,0,0.0,288
289,290,Parathion-Methyl,Parathion-Methyl,298-00-0,CO[P](=S)(OC)Oc1ccc(cc1)[N+]([O-])=O,0,0.0,0.0,0.0,0.0,0.0,0.0,0,0,0,0,0,393,614,899,0.0,0.0,0,0,0.0,289
290,291,Penconazol,Penconazol,66246-88-6,CCCC(Cn1cncn1)c2ccc(Cl)cc2Cl,0,410.0,716.0,690.0,720.0,500.0,2080.0,8280,7520,6760,0,0,0,0,0,0.0,4560.0,6130,13300,0.0,290
291,292,Pencycuron,Pencycuron,66063-05-6,Clc1ccc(CN(C2CCCC2)C(=O)Nc3ccccc3)cc1,0,1480.0,7850.0,7470.0,8220.0,0.0,1860.0,12200,14600,18000,0,772,4190,6450,5440,140.0,1070.0,3340,18900,10900.0,291
292,293,Pendimethalin,Pendimethalin,40487-42-1,CCC(CC)Nc1c(cc(C)c(C)c1[N+]([O-])=O)[N+]([O-])=O,0,0.0,0.0,0.0,0.0,1230.0,4470.0,14700,16300,17000,0,0,0,0,322,6770.0,17500.0,17500,44600,47400.0,292
293,294,Pentachloranilin,Pentachloranilin,527-20-8,C1(=C(C(=C(C(=C1Cl)Cl)Cl)Cl)Cl)N,0,0.0,0.0,0.0,0.0,0.0,0.0,0,0,0,0,0,0,0,0,0.0,0.0,0,0,0.0,293
294,295,Pentachloranisol,Pentachloranisol,1825-21-4,COC1=C(C(=C(C(=C1Cl)Cl)Cl)Cl)Cl,0,0.0,0.0,0.0,0.0,0.0,0.0,0,0,0,0,0,0,0,0,0.0,0.0,0,0,0.0,294
295,296,Pentachlorbenzol,Pentachlorbenzol,608-93-5,Clc1cc(Cl)c(Cl)c(Cl)c1Cl,0,0.0,0.0,0.0,0.0,0.0,0.0,0,0,0,0,0,0,0,0,0.0,0.0,0,0,0.0,295
296,297,Pentachlorphenol,Pentachlorphenol,87-86-5,Oc1c(Cl)c(Cl)c(Cl)c(Cl)c1Cl,0,0.0,396.0,445.0,698.0,0.0,0.0,0,0,0,0,1720,11400,36600,68000,0.0,0.0,0,0,0.0,296
297,298,Penthiopyrad,Penthiopyrad,183675-82-3,CC(C)CC(C)C1=C(C=CS1)NC(=O)C2=CN(N=C2C(F)(F)F)C,7790,38400.0,225000.0,166000.0,190000.0,921.0,4400.0,11300,10400,10100,673,1620,8350,14200,11300,2310.0,5140.0,7510,16100,7030.0,297
298,299,Permethrin,Permethrin,52645-53-1,CC1(C)[C@@H](C=C(Cl)Cl)[C@H]1C(=O)OCc2cccc(Oc3ccccc3)c2,0,0.0,0.0,0.0,0.0,0.0,0.0,0,0,0,0,0,0,0,0,0.0,0.0,428,0,92.2,298
299,300,Phenmedipham,Phenmedipham,13684-63-4,COC(=O)Nc1cccc(OC(=O)Nc2cccc(C)c2)c1,0,0.0,0.0,344.0,117.0,0.0,0.0,0,734,887,0,0,0,0,0,0.0,0.0,393,4420,3050.0,299
300,301,Phenthoat,Phenthoat,07/03/2597,CCOC(=O)C(C1=CC=CC=C1)SP(=S)(OC)OC,0,0.0,0.0,0.0,0.0,476.0,3330.0,8620,9280,8880,0,0,0,351,464,0.0,5510.0,8850,22400,15100.0,300
301,302,"Phenylphenol, ortho-","Phenylphenol, ortho-",90-43-7,Oc1ccccc1c2ccccc2,0,0.0,0.0,0.0,0.0,0.0,0.0,0,0,0,0,594,0,9610,16400,0.0,0.0,0,0,0.0,301
302,303,Phorat,Phorate,298-02-2,CCO[P](=S)(OCC)SCSCC,0,0.0,0.0,0.0,0.0,760.0,2170.0,5710,14300,16700,0,0,0,0,0,2180.0,10100.0,46900,0,0.0,302
303,304,Phorat-sulfon,Phorat-sulfon,07/04/2588,CCOP(=S)(OCC)SCS(=O)(=O)CC,0,496.0,1260.0,803.0,950.0,0.0,1580.0,4100,5180,3340,0,0,0,0,0,1280.0,3610.0,6310,13700,5200.0,303
304,305,Phorat-sulfoxid,Phorat-sulfoxid,06/03/2588,CCOP(=S)(OCC)SCS(=O)CC,0,0.0,0.0,0.0,0.0,529.0,3100.0,14700,16300,16000,0,0,0,0,0,925.0,3150.0,5420,23300,15600.0,304
305,306,Phosalon,Zolone,2310-17-0,CCO[P](=S)(OCC)SCN1C(=O)Oc2cc(Cl)ccc12,531,1490.0,6540.0,3540.0,4390.0,0.0,1110.0,2460,1560,2700,0,0,0,0,0,533.0,2370.0,3460,5370,490.0,305
306,307,Phosfolan,Phosfolan,947-02-4,CCO[P](=O)(OCC)N=C1SCCS1,0,0.0,0.0,0.0,0.0,330.0,3310.0,22400,18300,26300,0,0,0,0,0,519.0,2170.0,5940,29200,17200.0,306
307,308,Phosmet,Phosmet,732-11-6,CO[P](=S)(OC)SCN1C(=O)c2ccccc2C1=O,0,0.0,0.0,0.0,0.0,616.0,2150.0,7170,4820,6830,0,0,0,0,0,1330.0,3870.0,6970,14900,3740.0,307
308,309,Phosmet Oxon,Phosmet Oxon,3735-33-9,CO[P](=O)(OC)SCN1C(=O)c2ccccc2C1=O,0,0.0,0.0,0.0,0.0,0.0,2110.0,15500,12900,22000,0,0,0,0,0,0.0,863.0,3780,27400,7760.0,308
309,310,Phoxim,Phoxim,14816-18-3,CCO[P](=S)(OCC)O\N=C(C#N)\c1ccccc1,0,0.0,0.0,0.0,0.0,0.0,8990.0,37400,37700,39200,0,0,0,0,0,3760.0,11000.0,23800,69400,60600.0,309
310,311,Phthalimide,Phthalimide,85-41-6,O=C1NC(=O)c2ccccc12,0,0.0,0.0,0.0,0.0,0.0,0.0,0,0,0,0,289,2010,0,0,0.0,0.0,14000,0,1640.0,310
311,312,Piperonylbutoxid,Piperonylbutoxid,51-03-6,CCCCOCCOCCOCC1=CC2=C(C=C1CCC)OCO2,0,0.0,0.0,0.0,0.0,0.0,0.0,0,0,0,0,0,0,0,0,0.0,0.0,0,0,0.0,311
312,313,Pirimicarb,Pirimicarb,23103-98-2,CN(C)C(=O)Oc1nc(nc(C)c1C)N(C)C,0,0.0,0.0,0.0,0.0,1170.0,10200.0,65500,71200,84000,0,0,0,0,0,0.0,9810.0,16100,94700,165000.0,312
313,314,"Pirimicarb, Desmethyl-","Pirimicarb, Desmethyl-",30614-22-3,CC1=C(N=C(N=C1OC(=O)N(C)C)NC)C,0,0.0,0.0,0.0,0.0,1920.0,11600.0,63700,59300,79400,0,0,0,0,0,2890.0,8340.0,18700,78500,118000.0,313
314,315,"Pirimicarb,Desmethylformamido","Pirimicarb,Desmethylformamido",27218-04-8,CN(C)C(=O)Oc1nc(nc(C)c1C)N(C)C=O,0,0.0,0.0,0.0,0.0,266.0,4350.0,29600,27200,29000,0,0,0,0,0,1710.0,3920.0,7300,42200,33200.0,314
315,316,Pirimiphos-Ethyl,Pirimiphos-Ethyl,23505-41-1,CCO[P](=S)(OCC)Oc1cc(C)nc(n1)N(CC)CC,0,0.0,0.0,0.0,0.0,1950.0,12600.0,70100,69400,91200,0,0,0,0,0,3820.0,12700.0,20600,92800,146000.0,315
316,317,Pirimiphos-Methyl,Pirimiphos-Methyl,29232-93-7,CCN(CC)c1nc(C)cc(O[P](=S)(OC)OC)n1,0,0.0,92.5,488.0,0.0,0.0,5360.0,53700,53800,64300,0,0,0,0,0,2760.0,7580.0,14500,74800,104000.0,316
317,318,Prochloraz,Prochloraz,67747-09-5,CCCN(CCOc1c(Cl)cc(Cl)cc1Cl)C(=O)n2ccnc2,0,0.0,188.0,248.0,291.0,0.0,1290.0,6810,2720,8980,0,0,0,0,0,0.0,0.0,1210,13400,13300.0,317
318,319,Prochloraz Metabolite BTS 44595,Prochloraz Metabolite BTS 44595,"
139520-94-8",ClC1=C(OCCN(C(N)=O)CCC)C(Cl)=CC(Cl)=C1,0,0.0,91.2,150.0,155.0,0.0,1900.0,9350,10200,13400,0,0,0,0,0,0.0,0.0,2140,17100,11800.0,318
319,320,Prochloraz Metabolite BTS 44596,Prochloraz Metabolite BTS 44596,139520-94-8,ClC1=C(OCCN(CCC)C(NC([H])=O)=O)C(Cl)=CC(Cl)=C1,0,0.0,91.2,150.0,155.0,0.0,1900.0,9350,10200,13400,0,0,0,0,0,0.0,0.0,2140,17100,11800.0,319
320,321,Procymidon,Procymidon,32809-16-8,CC12CC1(C)C(=O)N(C2=O)c3cc(Cl)cc(Cl)c3,0,0.0,0.0,0.0,0.0,0.0,0.0,0,0,0,0,0,0,0,0,0.0,428.0,362,0,0.0,320
321,322,Profenofos,Profenofos,41198-08-7,CCCS[P](=O)(OCC)Oc1ccc(Br)cc1Cl,0,0.0,0.0,0.0,0.0,0.0,492.0,1320,1370,727,0,0,0,0,0,0.0,0.0,1360,2220,1290.0,321
322,323,Prometryn,Prometryn,7287-19-6,CSc1nc(NC(C)C)nc(NC(C)C)n1,0,0.0,0.0,0.0,0.0,3210.0,26400.0,110000,105000,133000,0,0,0,0,0,8330.0,28100.0,34600,136000,199000.0,322
323,324,Propamocarb,Propamocarb,24579-73-5,CCCOC(=O)NCCCN(C)C,0,0.0,0.0,0.0,0.0,1230.0,9880.0,70600,66400,93900,0,0,0,0,0,1970.0,4250.0,15700,85900,183000.0,323
324,325,Propaquizafop,Propaquizafop,111479-05-1,CC(Oc1ccc(Oc2cnc3cc(Cl)ccc3n2)cc1)C(=O)OCCON=C(C)C,0,0.0,0.0,0.0,0.0,0.0,1240.0,9020,9140,10800,0,0,0,0,0,0.0,0.0,2400,18800,21600.0,324
325,326,Propargit,Propargit,2312-35-8,CC(C)(C)C1=CC=C(C=C1)OC2CCCCC2OS(=O)OCC#C,0,0.0,0.0,0.0,0.0,0.0,0.0,0,0,0,0,0,0,0,0,0.0,0.0,0,0,0.0,325
326,327,Propazin,Propazin,139-40-2,CC(C)Nc1nc(Cl)nc(NC(C)C)n1,0,0.0,0.0,0.0,0.0,3160.0,22300.0,87600,85300,99900,0,0,0,0,0,8930.0,27900.0,39800,118000,140000.0,326
327,328,Propiconazol,Propiconazol,60207-90-1,CCCC1COC(O1)(CN2C=NC=N2)C3=C(C=C(C=C3)Cl)Cl,0,0.0,0.0,0.0,0.0,655.0,3490.0,9640,6960,8250,0,0,0,0,0,1420.0,3250.0,6870,13900,6370.0,327
328,329,Propoxur,Propoxur,114-26-1,CNC(=O)Oc1ccccc1OC(C)C,0,0.0,0.0,0.0,0.0,481.0,0.0,14100,15900,21000,0,0,0,0,0,0.0,4470.0,0,40800,58900.0,328
329,330,Propyzamid,Propyzamid,23950-58-5,CC(C)(C#C)NC(=O)C1=CC(=CC(=C1)Cl)Cl,438,1430.0,7400.0,6940.0,7990.0,314.0,2030.0,6680,5950,5620,1050,2950,20800,39000,42700,3010.0,7700.0,7980,18700,15700.0,329
330,331,Proquinazid,Proquinazid,189278-12-4,CCCN1C(=O)C2=C(C=CC(=C2)I)N=C1OCCC,0,0.0,0.0,0.0,0.0,0.0,1180.0,2510,2060,851,0,0,0,0,0,1130.0,3010.0,2540,2480,769.0,330
331,332,Prosulfocarb,Prosulfocarb,52888-80-9,CCCN(CCC)C(=O)SCc1ccccc1,0,0.0,0.0,0.0,0.0,1510.0,7770.0,32500,34300,43800,0,0,0,0,0,4660.0,12200.0,22400,66700,97300.0,331
332,333,Prothiofos,Prothiofos,34643-46-4,CCCS[P](=S)(OCC)Oc1ccc(Cl)cc1Cl,0,0.0,0.0,0.0,0.0,0.0,0.0,0,0,0,0,0,0,0,0,0.0,449.0,485,0,0.0,332
333,334,Pymetrozin,Pymetrozin,123312-89-0,CC1=NNC(=O)N(C1)\N=C\c2cccnc2,0,0.0,58.4,0.0,142.0,0.0,2880.0,21600,27800,31600,0,0,0,0,0,0.0,0.0,3610,46100,40200.0,333
334,335,Pyraclostrobin,Pyraclostrobin,175013-18-0,CON(C(=O)OC)c1ccccc1COc2ccn(n2)c3ccc(Cl)cc3,0,0.0,0.0,0.0,0.0,0.0,1930.0,17000,12400,26600,0,0,0,0,0,0.0,755.0,3690,29900,50000.0,334
335,336,Pyrazophos,Pyrazophos,13457-18-6,CCOC(=O)c1cn2nc(O[P](=S)(OCC)OCC)cc2nc1C,0,0.0,0.0,0.0,0.0,0.0,2930.0,10200,11300,12100,0,0,0,389,0,645.0,1520.0,4980,14900,6580.0,335
336,337,"Pyrethrin (CinerinI+II, JasmolinI+II, PyrethrinI+II","Pyrethrin (CinerinI+II, JasmolinI+II, PyrethrinI+II",121-29-9,CC1=C(C(=O)C[C@@H]1OC(=O)[C@@H]2[C@H](C2(C)C)/C=C(\C)/C(=O)OC)C/C=C\C=C,0,0.0,0.0,0.0,0.0,0.0,0.0,494,478,500,0,0,0,0,0,0.0,0.0,187,884,173.0,336
337,338,Pyridaben,Pyridaben,96489-71-3,CC(C)(C)N1N=CC(=C(Cl)C1=O)SCc2ccc(cc2)C(C)(C)C,0,0.0,0.0,0.0,0.0,568.0,1770.0,8880,7780,8010,0,0,0,0,0,1500.0,4260.0,5370,12600,3820.0,337
338,339,Pyridafol,Pyridafol,40020-01-7,C1=CC=C(C=C1)C2=NNC(=CC2=O)Cl,0,0.0,0.0,0.0,0.0,0.0,0.0,0,0,0,0,0,0,0,0,0.0,0.0,0,0,0.0,338
339,340,Pyridalyl,Pyridalyl,179101-81-6,FC(F)(F)c1ccc(OCCCOc2c(Cl)cc(OCC=C(Cl)Cl)cc2Cl)nc1,0,0.0,0.0,168.0,0.0,0.0,1090.0,3420,843,2850,0,0,0,0,0,362.0,1270.0,1900,3470,2650.0,339
340,341,Pyrifenox,Pyrifenox,88283-41-4,CO\N=C(\Cc1cccnc1)c2ccc(Cl)cc2Cl,0,0.0,0.0,0.0,0.0,0.0,3470.0,11500,10500,12300,0,0,0,0,0,1630.0,4750.0,5960,14100,11200.0,340
341,342,Pyrimethanil,Pyrimethanil,53112-28-0,Cc1cc(C)nc(Nc2ccccc2)n1,0,0.0,0.0,0.0,0.0,3190.0,17400.0,78500,75100,74700,0,0,0,0,0,9240.0,23200.0,20800,109000,182000.0,341
342,343,Pyriproxyfen,Pyriproxyfen,95737-68-1,CC(COc1ccc(Oc2ccccc2)cc1)Oc3ccccn3,0,0.0,0.0,0.0,0.0,1050.0,3240.0,29200,24100,32100,0,0,0,0,0,2570.0,6930.0,9490,38100,33600.0,342
343,344,Quinalphos,Quinalphos,13593-03-8,CCO[P](=S)(OCC)Oc1cnc2ccccc2n1,0,0.0,0.0,0.0,0.0,0.0,8990.0,37400,37700,39200,0,0,0,0,0,3760.0,11000.0,23800,69400,60600.0,343
344,345,Quinoxyfen,Quinoxyfen,124495-18-7,Fc1ccc(Oc2ccnc3cc(Cl)cc(Cl)c23)cc1,0,0.0,0.0,0.0,0.0,389.0,2030.0,8680,6310,7540,0,0,0,0,0,1910.0,5450.0,4540,9980,6260.0,344
345,346,Quintozen,Quintozen,82-68-8,[O-][N+](=O)c1c(Cl)c(Cl)c(Cl)c(Cl)c1Cl,0,0.0,0.0,0.0,0.0,0.0,0.0,0,0,0,0,0,0,0,0,0.0,0.0,0,0,0.0,345
346,347,Rotenon,Rotenon,83-79-4,COc1cc2OC[C@H]3Oc4c5C[C@@H](Oc5ccc4C(=O)[C@H]3c2cc1OC)C(C)=C,0,0.0,0.0,0.0,0.0,0.0,591.0,4540,5340,4960,0,0,0,0,0,0.0,0.0,1840,15200,12600.0,346
347,348,Rynaxapyr (Chlorantraniliprol),Chlorantraniliprole,500008-45-7,CC1=CC(=CC(=C1NC(=O)C2=CC(=NN2C3=C(C=CC=N3)Cl)Br)C(=O)NC)Cl,0,552.0,4280.0,5850.0,4350.0,0.0,0.0,813,1540,664,0,0,459,4440,5210,0.0,0.0,0,3790,5030.0,347
348,349,Saflufenacil,Saflufenacil,372137-35-4,CC(C)N(C)S(=O)(=O)NC(=O)C1=CC(=C(C=C1Cl)F)N2C(=O)C=C(N(C2=O)C)C(F)(F)F,0,1040.0,7890.0,16100.0,36700.0,0.0,0.0,0,472,706,0,0,0,0,31000,0.0,0.0,0,0,4790.0,348
349,350,Simazine,Simazine,122-34-9,CCNc1nc(Cl)nc(NCC)n1,0,0.0,0.0,0.0,0.0,1880.0,11000.0,46700,41700,43500,0,0,0,0,0,5070.0,14600.0,17700,67300,74100.0,349
350,351,Sintofen,Sintofen,130561-48-7,COCCOc1cccc2N(N=C(C(O)=O)C(=O)c12)c3ccc(C)cc3,0,0.0,0.0,0.0,1270.0,0.0,0.0,0,0,0,0,0,0,0,0,0.0,0.0,0,0,0.0,350
351,352,Solatenol (Benzovindiflupyr),Solatenol,1072957-71-1,CN1C=C(C(=N1)C(F)F)C(=O)NC2=CC=CC3=C2C4CCC3C4=C(Cl)Cl,4270,23100.0,132000.0,114000.0,125000.0,0.0,829.0,8670,4160,10700,0,1450,9400,18300,28000,234.0,1610.0,3540,14700,12900.0,351
352,353,Spinetoram,Spinetoram,935545-74-7,O=C1C2=C[C@]3([H])[C@](CC[C@@]4([H])[C@@]3([H])C[C@H](O[C@]5([H])O[C@@H](C)[C@H](OC)[C@@H](OCC)[C@H]5OC)C4)([H])[C@]2([H])CC(O[C@@H](CC)CCC[C@H](O[C@]6([H])O[C@H](C)[C@@H](N(C)C)CC6)[C@H]1C)=O.O=C7C8=C[C@]9([H])[C@](C=C(C)[C@@]%10([H])[C@@]9([H])C[C@H](O[C@]%11([H])O[C@@H](C)[C@H](OC)[C@@H](OCC)[C@H]%11OC)C%10)([H])[C@]8([H])CC(O[C@@H](CC)CCC[C@H](O[C@]%12([H])O[C@H](C)[C@@H](N(C)C)CC%12)[C@H]7C)=O,0,0.0,490.0,152.0,289.0,0.0,0.0,0,0,301,0,0,0,0,0,0.0,0.0,0,0,266.0,352
353,354,Spinosad (Summe Spinosyn A + D),Spinosad,168316-95-8,CCC1CCCC(C(C(=O)C2=CC3C4CC(CC4C=CC3C2CC(=O)O1)OC5C(C(C(C(O5)C)OC)OC)OC)C)OC6CCC(C(O6)C)N(C)C.CCC1CCCC(C(C(=O)C2=CC3C4CC(CC4C(=CC3C2CC(=O)O1)C)OC5C(C(C(C(O5)C)OC)OC)OC)C)OC6CCC(C(O6)C)N(C)C,0,0.0,0.0,0.0,0.0,0.0,0.0,0,0,0,0,0,0,0,0,0.0,0.0,0,0,0.0,353
354,355,Spirodiclofen,Spirodiclofen,148477-71-8,CCC(C)(C)C(=O)OC1=C(C(=O)OC12CCCCC2)c3ccc(Cl)cc3Cl,114,97.9,0.0,0.0,117.0,0.0,0.0,1860,1410,1390,0,0,0,0,0,0.0,0.0,2690,3250,688.0,354
355,356,Spiromesifen,Spiromesifen,283594-90-1,Cc1cc(C)c(c(C)c1)C2=C(OC(=O)CC(C)(C)C)C3(CCCC3)OC2=O,0,0.0,1400.0,883.0,1190.0,0.0,929.0,1770,1420,1530,0,0,0,0,0,209.0,1550.0,2630,3700,698.0,355
356,357,Spirotetramat,Spirotetramat,203313-25-1,CCOC(=O)OC1=C(C(=O)NC12CCC(CC2)OC)C3=C(C=CC(=C3)C)C,0,0.0,0.0,0.0,0.0,0.0,3200.0,21600,24800,37600,0,0,0,0,0,214.0,0.0,4340,44200,58000.0,356
357,358,Spirotetramat-enol,Spirotetramat-enol,382608-09-5,CC1=CC(=C(C=C1)C)C2C(=O)C3(CCC(CC3)OC)NC2=O,0,308.0,5860.0,6800.0,8710.0,0.0,1120.0,15900,19800,33800,594,2550,29100,95800,186000,0.0,0.0,1200,20100,44500.0,357
358,359,Spirotetramat-enol-Glc,Spirotetramat-enol-glucoside,1172614-86-6,COC1CCC2(CC1)NC(=O)C(=C2O[C@@H]3O[C@H](CO)[C@@H](O)[C@H](O)[C@H]3O)c4cc(C)ccc4C,0,0.0,0.0,0.0,0.0,0.0,0.0,0,0,0,0,0,0,0,0,0.0,0.0,0,0,0.0,358
359,360,Spirotetramat-ketohydroxy,Spirotetramat keto hydroxy,1172134-11-0,COC1CCC2(CC1)NC(=O)C(O)(C2=O)c3cc(C)ccc3C,0,0.0,1090.0,1190.0,1230.0,0.0,421.0,8650,2060,19500,0,0,2200,3080,9100,0.0,0.0,1450,17300,29500.0,359
360,361,Spirotetramat-monohydroxy,Spirotetramat mono hydroxy,1172134-12-1,COC1CCC2(CC1)NC(=O)C(C2O)c3cc(C)ccc3C,0,0.0,2590.0,3170.0,2750.0,0.0,3210.0,25000,24400,40400,0,0,0,0,0,0.0,148.0,4290,36600,57900.0,360
361,362,Spiroxamin (A und B),Spiroxamine,118134-30-8,CCCN(CC)CC1COC2(CCC(CC2)C(C)(C)C)O1,0,0.0,0.0,0.0,0.0,0.0,0.0,243,371,241,0,0,0,0,0,0.0,0.0,0,540,0.0,361
362,363,Sulfoxaflor,Sulfoxaflor,946578-00-3,CC(C1=CN=C(C=C1)C(F)(F)F)S(=NC#N)(=O)C,3640,23600.0,195000.0,181000.0,214000.0,0.0,293.0,3990,3090,5290,2890,8110,74000,172000,267000,0.0,0.0,1670,12900,8260.0,362
363,364,Tau-Fluvalinat,Klartan,102851-06-9,CC(C)C(Nc1ccc(cc1Cl)C(F)(F)F)C(=O)OC(C#N)c2cccc(Oc3ccccc3)c2,1310,3590.0,11400.0,9500.0,10000.0,0.0,240.0,558,966,2300,0,0,0,0,0,0.0,0.0,1290,4380,2020.0,363
364,365,Tebuconazol,Tebuconazol,107534-96-3,CC(C)(C)C(CCC1=CC=C(C=C1)Cl)(CN2C=NC=N2)O,1520,6890.0,39300.0,30400.0,32800.0,351.0,4000.0,18600,11900,19200,0,0,0,0,0,346.0,532.0,5800,24700,10200.0,364
365,366,Tebufenozid,Tebufenozide,112410-23-8,CCc1ccc(cc1)C(=O)NN(C(=O)c2cc(C)cc(C)c2)C(C)(C)C,4850,26400.0,156000.0,128000.0,147000.0,0.0,1130.0,7540,7380,9220,1310,3220,22400,42900,50100,367.0,1310.0,2940,12900,11600.0,365
366,367,Tebufenpyrad,Tebufenpyrad,119168-77-3,CCc1nn(C)c(C(=O)NCc2ccc(cc2)C(C)(C)C)c1Cl,0,0.0,0.0,0.0,0.0,0.0,1720.0,3590,4670,3020,0,0,0,0,0,1590.0,3310.0,4150,5950,1930.0,366
367,368,Teflubenzuron,Teflubenzuron,83121-18-0,Fc1cccc(F)c1C(=O)NC(=O)Nc2cc(Cl)c(F)c(Cl)c2F,1870,12900.0,117000.0,99700.0,120000.0,0.0,0.0,569,513,871,0,1100,11300,31500,52000,0.0,0.0,1060,3250,1340.0,367
368,369,Tefluthrin,Tefluthrin,79538-32-2,Cc1c(F)c(F)c(COC(=O)C2C(\C=C(/Cl)C(F)(F)F)C2(C)C)c(F)c1F,0,0.0,0.0,0.0,0.0,0.0,0.0,0,0,0,0,0,0,0,0,0.0,0.0,0,0,0.0,368
369,370,Terbacil,Terbacil,5902-51-2,CC1=C(Cl)C(=O)N(C(=O)N1)C(C)(C)C,4530,33700.0,86000.0,56700.0,45000.0,0.0,0.0,0,0,0,2380,6070,36800,68700,89000,0.0,0.0,0,0,0.0,369
370,371,Terbufos,Terbufos,13071-79-9,CCO[P](=S)(OCC)SCSC(C)(C)C,0,0.0,181.0,344.0,107.0,0.0,1260.0,3540,8560,9880,0,0,0,0,0,0.0,5520.0,27000,0,0.0,370
371,372,Terbumeton,Terbumeton,33693-04-8,CCNc1nc(NC(C)(C)C)nc(OC)n1,0,0.0,0.0,0.0,0.0,1330.0,9100.0,56700,54400,70800,0,0,0,0,0,3630.0,9760.0,18000,72000,123000.0,371
372,373,Terbuthylazin,Terbuthylazin,5915-41-3,CCNc1nc(Cl)nc(NC(C)(C)C)n1,0,0.0,0.0,0.0,0.0,3160.0,22300.0,87600,85300,99900,0,0,0,0,0,8930.0,27900.0,39800,118000,140000.0,372
373,374,Terbutryn,Terbutryn,886-50-0,CCNc1nc(NC(C)(C)C)nc(SC)n1,0,0.0,0.0,0.0,0.0,3210.0,26400.0,110000,105000,133000,0,0,0,0,0,8330.0,28100.0,34600,136000,199000.0,373
374,375,Tetrachlorvinphos,Tetrachlorvinphos,22248-79-9,CO[P](=O)(OC)OC(=C/Cl)/c1cc(Cl)c(Cl)cc1Cl,0,0.0,0.0,0.0,0.0,0.0,0.0,843,793,349,0,0,0,0,0,0.0,757.0,1320,1770,652.0,374
375,376,Tetraconazol,Tetraconazol,112281-77-3,C1=CC(=C(C=C1Cl)Cl)C(CN2C=NC=N2)COC(C(F)F)(F)F,3170,14500.0,102000.0,68200.0,83700.0,450.0,1830.0,3620,3530,2180,0,0,0,0,0,1380.0,3950.0,5660,7610,4500.0,375
376,377,Tetradifon,Tetradifon,116-29-0,Clc1ccc(cc1)[S](=O)(=O)c2cc(Cl)c(Cl)cc2Cl,0,0.0,0.0,0.0,0.0,0.0,0.0,0,0,0,0,0,0,0,0,0.0,0.0,0,0,0.0,376
377,378,Tetramethrin,Tetramethrin,7696-12-0,CC(C)=C[C@@H]1[C@@H](C(=O)OCN2C(=O)C3=C(CCCC3)C2=O)C1(C)C,0,0.0,0.0,0.0,0.0,561.0,1940.0,6300,4030,5760,0,0,0,0,0,631.0,2330.0,4400,12000,1250.0,377
378,379,TFNA,TFNA,158063-66-2,C1=CN=CC(=C1C(F)(F)F)C(=O)O,0,0.0,0.0,3850.0,11500.0,0.0,0.0,0,0,4580,0,0,1800,21500,102000,0.0,0.0,0,6970,0.0,378
379,380,TFNG,TFNG,207502-65-6,C1=CN=CC(=C1C(F)(F)F)C(=O)NCC(=O)O,11900,23500.0,230000.0,179000.0,283000.0,0.0,0.0,0,387,5850,0,0,0,24600,23100,0.0,0.0,0,0,3320.0,379
380,381,Thiabendazol,Thiabendazol,148-79-8,[nH]1c2ccccc2nc1c3cscn3,0,0.0,145.0,141.0,126.0,1120.0,8300.0,57600,24100,62600,0,1010,7310,13200,8790,1710.0,5140.0,16600,72500,39200.0,380
381,382,"Thiabendazol, 5-Hydroxy-",5-Hydroxythiabendazole,948-71-0,Oc1ccc2nc([nH]c2c1)c3cscn3,0,0.0,107.0,744.0,1070.0,0.0,0.0,4290,10400,19800,0,0,0,2620,3010,0.0,0.0,0,11300,40300.0,381
382,383,Thiacloprid,Thiacloprid,111988-49-9,Clc1ccc(CN2CCSC2=NC#N)cn1,1590,7880.0,87800.0,97900.0,95500.0,0.0,2980.0,36500,29700,55800,0,0,0,0,0,0.0,158.0,4970,73500,113000.0,382
383,384,Thiamethoxam,Thiamethoxam,153719-23-4,CN1COCN(Cc2sc(Cl)nc2)\C1=N/[N+]([O-])=O,0,1380.0,13300.0,13900.0,15200.0,0.0,2070.0,18000,6290,30800,0,0,0,0,0,0.0,0.0,3280,48500,64500.0,383
384,385,Thiodicarb,Thiodicarb,59669-26-0,CSC(\C)=N/OC(=O)N(C)SN(C)C(=O)O\N=C(\C)SC,0,0.0,0.0,0.0,0.0,0.0,0.0,0,0,0,0,0,0,0,0,0.0,0.0,0,0,0.0,384
385,386,Thiophanat-Methyl,Methylthiofanate,23564-05-8,COC(=O)NC(=S)Nc1ccccc1NC(=S)NC(=O)OC,0,0.0,0.0,509.0,381.0,0.0,0.0,0,888,737,0,0,0,0,0,0.0,0.0,0,516,786.0,385
386,387,Tolclofos-Methyl,Tolclofos-Methyl,57018-04-9,CO[P](=S)(OC)Oc1c(Cl)cc(C)cc1Cl,0,0.0,0.0,0.0,0.0,0.0,424.0,0,0,0,0,0,0,0,0,0.0,0.0,0,0,0.0,386
387,388,Triadimefon,Triadimefon,43121-43-3,CC(C)(C)C(=O)C(Oc1ccc(Cl)cc1)n2cncn2,945,2610.0,15200.0,14000.0,14700.0,566.0,4270.0,13400,12200,11500,866,2000,13600,22900,20900,2600.0,4810.0,8080,19700,10700.0,387
388,389,Triadimenol,Triadimenol,55219-65-3,CC(C)(C)C(O)C(Oc1ccc(Cl)cc1)n2cncn2,1810,7440.0,43100.0,31900.0,36700.0,0.0,1720.0,3480,3280,4570,0,0,0,0,0,0.0,951.0,3250,9380,2060.0,388
389,390,Triazophos,Triazophos,24017-47-8,CCO[P](=S)(OCC)Oc1ncn(n1)c2ccccc2,0,0.0,0.0,0.0,0.0,0.0,4750.0,20700,19900,24800,0,0,0,0,0,912.0,2350.0,6420,27700,13600.0,389
390,391,Tribenuron-Methyl,Tribenuron methyl,101200-48-0,COC(=O)c1ccccc1[S](=O)(=O)NC(=O)N(C)c2nc(C)nc(OC)n2,0,0.0,0.0,0.0,0.0,0.0,0.0,131,156,557,0,0,0,823,1150,0.0,0.0,0,638,1060.0,390
391,392,Trichlorfon,Trichlorfon,52-68-6,CO[P](=O)(OC)C(O)C(Cl)(Cl)Cl,0,362.0,4670.0,5870.0,7200.0,0.0,497.0,4860,6640,9300,0,0,0,0,0,0.0,0.0,0,14700,23700.0,391
392,393,Tricyclazol,Tricyclazol,41814-78-2,Cc1cccc2sc3nncn3c12,0,0.0,0.0,0.0,0.0,3200.0,20600.0,85100,86800,92700,0,0,0,0,0,0.0,5590.0,24900,111000,125000.0,392
393,394,Tridemorph,Tridemorph,24602-86-6,CCCCCCCCCCCCCN1CC(C)OC(C)C1,0,0.0,0.0,0.0,0.0,0.0,2510.0,17800,15300,17900,0,0,0,0,0,713.0,2640.0,4550,22100,31900.0,393
394,395,Trifloxystrobin,Trifloxystrobin,141517-21-7,CO\N=C(C(=O)OC)/c1ccccc1CO\N=C(/C)c2cccc(c2)C(F)(F)F,0,0.0,0.0,0.0,0.0,1200.0,4120.0,20800,17700,22700,0,0,0,0,0,1700.0,4680.0,7570,27000,20500.0,394
395,396,Triflumizol,Triflumizole,68694-11-1,CCCOCC(=Nc1ccc(Cl)cc1C(F)(F)F)n2ccnc2,0,0.0,274.0,102.0,108.0,0.0,772.0,2500,1760,1590,0,0,818,904,326,0.0,0.0,1220,3160,1060.0,395
396,397,Triflumuron,Triflumuron,64628-44-0,FC(F)(F)Oc1ccc(NC(=O)NC(=O)c2ccccc2Cl)cc1,2370,16700.0,141000.0,114000.0,133000.0,0.0,1590.0,4290,3770,5450,1310,2860,21800,43600,55900,556.0,1720.0,4050,12400,2230.0,396
397,398,Trifluralin,Trifluralin,1582-09-8,CCCN(CCC)c1c(cc(cc1[N+]([O-])=O)C(F)(F)F)[N+]([O-])=O,0,0.0,0.0,0.0,0.0,557.0,1160.0,2680,5100,0,0,0,0,0,0,3610.0,10700.0,21300,0,0.0,397
398,399,Triforin,Triforin,26644-46-2,ClC(Cl)(Cl)C(NC=O)N1CCN(CC1)C(NC=O)C(Cl)(Cl)Cl,0,189.0,4340.0,6810.0,6970.0,0.0,0.0,147,607,627,0,0,0,778,1370,0.0,0.0,0,1790,2080.0,398
399,400,Tritosulfuron,Tritosulfuron,142469-14-5,COc1nc(NC(=O)N[S](=O)(=O)c2ccccc2C(F)(F)F)nc(n1)C(F)(F)F,0,0.0,0.0,0.0,0.0,0.0,0.0,0,0,0,0,0,0,530,2080,0.0,0.0,0,0,0.0,399
400,401,Uniconazol,Uniconazole,83657-22-1,CC(C)(C)C(O)\C(=C/c1ccc(Cl)cc1)n2cncn2,2940,13200.0,78800.0,55900.0,67200.0,1180.0,7630.0,31600,31800,30200,0,0,0,613,0,1200.0,3120.0,11600,42000,10300.0,400
401,402,Valifenalat,Valifenalate,283159-90-0,CC(C)C(C(=O)NC(CC(=O)OC)C1=CC=C(C=C1)Cl)NC(=O)OC(C)C,2340,13700.0,145000.0,130000.0,151000.0,0.0,747.0,9990,5870,17200,0,0,1600,2800,4370,0.0,0.0,1940,17200,13800.0,401
402,403,Vinclozolin,Vinclozolin,50471-44-8,CC1(OC(=O)N(C1=O)c2cc(Cl)cc(Cl)c2)C=C,0,0.0,0.0,0.0,0.0,0.0,0.0,0,0,0,0,0,0,0,0,0.0,0.0,0,0,0.0,402
403,404,Zoxamid,Zoxamid,156052-68-5,CCC(C)(C(=O)CCl)NC(=O)C1=CC(=C(C(=C1)Cl)C)Cl,1140,8130.0,65800.0,60100.0,68200.0,230.0,1640.0,5220,3600,5900,0,0,603,1110,1220,518.0,1640.0,3260,7620,1420.0,403
